{"stats":{"minecraft:custom":{"minecraft:time_since_rest":1881,"minecraft:interact_with_furnace":9,"minecraft:sprint_one_cm":40544,"minecraft:damage_taken":20,"minecraft:walk_one_cm":13475,"minecraft:mob_kills":9,"minecraft:damage_dealt":760,"minecraft:swim_one_cm":1167,"minecraft:interact_with_crafting_table":8,"minecraft:fly_one_cm":106534,"minecraft:crouch_one_cm":720,"minecraft:play_time":11759,"minecraft:sneak_time":480,"minecraft:walk_under_water_one_cm":301,"minecraft:jump":438,"minecraft:time_since_death":11759,"minecraft:walk_on_water_one_cm":402,"minecraft:sleep_in_bed":1,"minecraft:total_world_time":11759,"minecraft:fall_one_cm":18232},"minecraft:used":{"minecraft:stone_pickaxe":34,"minecraft:wooden_pickaxe":6,"minecraft:stone_axe":16,"minecraft:cobblestone":3,"minecraft:mutton":3,"minecraft:crafting_table":3,"minecraft:furnace":1,"minecraft:white_bed":1,"minecraft:cooked_beef":2},"minecraft:mined":{"minecraft:white_bed":1,"minecraft:fire":2,"minecraft:cherry_log":3,"minecraft:crafting_table":3,"minecraft:grass":2,"minecraft:coal_ore":12,"minecraft:oak_log":5,"minecraft:tall_grass":1,"minecraft:cobblestone":2,"minecraft:stone":25,"minecraft:oak_leaves":1},"minecraft:crafted":{"minecraft:cooked_beef":6,"minecraft:oak_planks":20,"minecraft:stone_shovel":1,"minecraft:crafting_table":1,"minecraft:stick":12,"minecraft:wooden_pickaxe":1,"minecraft:stone_pickaxe":1,"minecraft:furnace":1,"minecraft:white_bed":1,"minecraft:stone_hoe":1,"minecraft:stone_axe":1,"minecraft:air":0},"minecraft:killed":{"minecraft:sheep":7,"minecraft:cow":2},"minecraft:picked_up":{"minecraft:stick":4,"minecraft:crafting_table":3,"minecraft:leather":3,"minecraft:oak_log":5,"minecraft:cherry_log":3,"minecraft:white_bed":1,"minecraft:beef":6,"minecraft:oak_sapling":1,"minecraft:mutton":10,"minecraft:coal":12,"minecraft:white_wool":7,"minecraft:cobblestone":27}},"DataVersion":3465}