{"stats":{"minecraft:killed_by":{"minecraft:player":4,"minecraft:slime":1},"minecraft:used":{"minecraft:trident":1,"minecraft:baked_potato":2,"minecraft:iron_sword":8,"minecraft:iron_chestplate":1,"minecraft:note_block":1,"minecraft:diamond_pickaxe":32,"minecraft:iron_boots":1,"minecraft:diamond_sword":7,"minecraft:magenta_wool":1,"minecraft:red_concrete_powder":2,"lucky:lucky_potion":16},"minecraft:crafted":{"minecraft:diamond_sword":1,"minecraft:diamond":9},"minecraft:mined":{"minecraft:torch":1,"minecraft:sandstone":9,"minecraft:sandstone_stairs":4,"minecraft:red_concrete_powder":2,"minecraft:fire":2,"minecraft:diamond_block":1,"lucky:lucky_block":39},"minecraft:killed":{"minecraft:pig":1,"minecraft:slime":2,"minecraft:zombie":2},"minecraft:custom":{"minecraft:mob_kills":5,"minecraft:traded_with_villager":1,"minecraft:leave_game":1,"minecraft:time_since_death":245,"minecraft:climb_one_cm":4219,"minecraft:damage_resisted":529,"minecraft:time_since_rest":275,"minecraft:sprint_one_cm":60777,"minecraft:damage_absorbed":81,"minecraft:damage_taken":3820,"minecraft:walk_one_cm":34424,"minecraft:drop":48,"minecraft:damage_dealt":1064,"minecraft:damage_dealt_absorbed":80,"minecraft:talked_to_villager":4,"minecraft:fly_one_cm":90584,"minecraft:player_kills":2,"minecraft:play_time":15661,"minecraft:crouch_one_cm":2272,"minecraft:sneak_time":947,"minecraft:deaths":8,"minecraft:jump":348,"minecraft:total_world_time":15661,"minecraft:fall_one_cm":12479,"minecraft:horse_one_cm":11324},"minecraft:dropped":{"minecraft:enchanted_book":20,"minecraft:anvil":2,"minecraft:iron_sword":1,"minecraft:cooked_beef":1,"minecraft:blaze_rod":2,"minecraft:nether_wart":1,"minecraft:cooked_porkchop":4,"minecraft:diamond_hoe":1,"minecraft:poisonous_potato":18,"minecraft:rotten_flesh":5,"minecraft:iron_boots":1,"minecraft:blaze_powder":2,"minecraft:ender_eye":1,"minecraft:salmon":1,"minecraft:red_terracotta":12,"minecraft:mushroom_stew":2,"minecraft:mutton":2,"minecraft:quartz_block":7,"minecraft:quartz_stairs":1,"minecraft:iron_leggings":1,"minecraft:gold_nugget":1,"minecraft:pumpkin_pie":3,"minecraft:magma_cream":1,"minecraft:ghast_tear":2,"minecraft:string":2},"minecraft:picked_up":{"minecraft:iron_chestplate":1,"minecraft:cooked_beef":2,"minecraft:magma_cream":1,"minecraft:golden_carrot":1,"minecraft:nether_wart":1,"minecraft:anvil":2,"minecraft:rabbit_stew":1,"minecraft:salmon":1,"minecraft:redstone_lamp":4,"minecraft:diamond_sword":1,"minecraft:potato":81,"minecraft:cooked_rabbit":1,"minecraft:enchanted_book":20,"minecraft:mushroom_stew":2,"minecraft:string":2,"lucky:lucky_bow":2,"minecraft:ocelot_spawn_egg":1,"lucky:lucky_potion":24,"minecraft:iron_leggings":2,"minecraft:cooked_mutton":1,"minecraft:magenta_wool":1,"minecraft:apple":1,"minecraft:diamond_leggings":1,"minecraft:gold_nugget":3,"lucky:lucky_sword":1,"minecraft:beef":1,"minecraft:ender_eye":1,"minecraft:quartz_stairs":1,"minecraft:iron_sword":1,"minecraft:spruce_trapdoor":1,"minecraft:diamond_hoe":1,"minecraft:iron_boots":1,"minecraft:ghast_tear":2,"minecraft:red_concrete_powder":2,"minecraft:cooked_porkchop":4,"minecraft:mooshroom_spawn_egg":1,"minecraft:poisonous_potato":18,"minecraft:note_block":1,"minecraft:dropper":2,"minecraft:cookie":2,"minecraft:trident":1,"minecraft:fermented_spider_eye":7,"minecraft:diamond_block":1,"minecraft:red_terracotta":12,"minecraft:spider_eye":17,"minecraft:quartz_block":7,"minecraft:arrow":1,"minecraft:rotten_flesh":5,"minecraft:sugar":4,"minecraft:allay_spawn_egg":1,"minecraft:diamond":20,"minecraft:pumpkin_pie":3,"minecraft:diamond_boots":1,"minecraft:iron_helmet":1,"minecraft:diamond_axe":1,"minecraft:golden_apple":1,"minecraft:baked_potato":30,"minecraft:blaze_rod":2,"minecraft:mutton":7,"minecraft:goat_spawn_egg":1,"minecraft:blaze_powder":2,"minecraft:ender_pearl":1,"minecraft:diamond_pickaxe":1}},"DataVersion":3465}