{"stats":{"minecraft:broken":{"minecraft:stone_pickaxe":1},"minecraft:custom":{"minecraft:interact_with_furnace":32,"minecraft:mob_kills":6,"minecraft:interact_with_crafting_table":20,"minecraft:leave_game":1,"minecraft:time_since_death":1219,"minecraft:sleep_in_bed":2,"minecraft:time_since_rest":1250,"minecraft:sprint_one_cm":70941,"minecraft:damage_taken":1116,"minecraft:walk_one_cm":52355,"minecraft:damage_blocked_by_shield":750,"minecraft:drop":1,"minecraft:damage_dealt":910,"minecraft:player_kills":1,"minecraft:fly_one_cm":104792,"minecraft:open_chest":3,"minecraft:crouch_one_cm":10315,"minecraft:play_time":38844,"minecraft:deaths":3,"minecraft:sneak_time":4043,"minecraft:jump":735,"minecraft:total_world_time":38844,"minecraft:fall_one_cm":35591},"minecraft:mined":{"minecraft:acacia_leaves":2,"minecraft:white_bed":2,"minecraft:crafting_table":5,"minecraft:acacia_log":13,"minecraft:grass_block":3,"minecraft:cobblestone":5,"minecraft:furnace":1,"minecraft:iron_ore":67,"minecraft:grass":3,"minecraft:oak_log":8,"minecraft:coal_ore":51,"minecraft:dirt":2,"minecraft:stone":49,"minecraft:oak_leaves":2},"minecraft:picked_up":{"minecraft:crafting_table":5,"minecraft:iron_chestplate":2,"minecraft:wooden_pickaxe":1,"minecraft:oak_log":18,"minecraft:shield":1,"minecraft:dirt":6,"minecraft:iron_leggings":2,"minecraft:iron_ingot":19,"minecraft:stone_pickaxe":1,"minecraft:iron_pickaxe":2,"minecraft:acacia_sapling":2,"minecraft:iron_boots":2,"minecraft:furnace":2,"minecraft:stick":2,"minecraft:raw_iron":86,"minecraft:acacia_log":13,"minecraft:gravel":1,"minecraft:white_bed":2,"minecraft:rotten_flesh":1,"minecraft:stone_axe":2,"minecraft:iron_helmet":2,"minecraft:black_wool":1,"minecraft:mutton":6,"minecraft:coal":106,"minecraft:white_wool":9,"minecraft:cobblestone":89,"minecraft:ender_pearl":1},"minecraft:used":{"minecraft:cooked_mutton":4,"minecraft:stone_pickaxe":136,"minecraft:chest":1,"minecraft:wooden_pickaxe":8,"minecraft:shield":7,"minecraft:rotten_flesh":1,"minecraft:iron_chestplate":2,"minecraft:dirt":4,"minecraft:mutton":1,"minecraft:crafting_table":6,"minecraft:white_bed":3,"minecraft:acacia_sapling":1,"minecraft:oak_log":4,"minecraft:iron_pickaxe":30,"minecraft:iron_helmet":1,"minecraft:iron_boots":1,"minecraft:stone_axe":29,"minecraft:cobblestone":47,"minecraft:furnace":3,"minecraft:acacia_planks":4,"minecraft:iron_leggings":2},"minecraft:killed":{"minecraft:sheep":4,"minecraft:zombie":1,"minecraft:enderman":1},"minecraft:dropped":{"minecraft:cooked_mutton":1},"minecraft:crafted":{"minecraft:oak_planks":40,"minecraft:crafting_table":3,"minecraft:wooden_pickaxe":1,"minecraft:iron_helmet":1,"minecraft:furnace":3,"minecraft:stone_axe":1,"minecraft:cooked_mutton":5,"minecraft:air":0,"minecraft:iron_chestplate":1,"minecraft:iron_boots":1,"minecraft:shield":1,"minecraft:stick":12,"minecraft:iron_ingot":46,"minecraft:iron_pickaxe":1,"minecraft:stone_pickaxe":2,"minecraft:chest":1,"minecraft:iron_leggings":1,"minecraft:white_bed":1,"minecraft:acacia_planks":52}},"DataVersion":3465}