{"stats":{"minecraft:custom":{"minecraft:interact_with_furnace":2,"minecraft:inspect_dropper":1,"minecraft:mob_kills":15,"minecraft:interact_with_anvil":3,"minecraft:time_since_death":49,"minecraft:climb_one_cm":666,"minecraft:time_since_rest":78,"minecraft:sprint_one_cm":97959,"minecraft:damage_absorbed":40,"minecraft:damage_taken":5245,"minecraft:walk_one_cm":46136,"minecraft:drop":27,"minecraft:damage_dealt":4209,"minecraft:swim_one_cm":501,"minecraft:player_kills":12,"minecraft:fly_one_cm":137808,"minecraft:talked_to_villager":2,"minecraft:open_chest":5,"minecraft:crouch_one_cm":534,"minecraft:play_time":17647,"minecraft:deaths":15,"minecraft:sneak_time":446,"minecraft:walk_under_water_one_cm":259,"minecraft:jump":530,"minecraft:walk_on_water_one_cm":917,"minecraft:total_world_time":17647,"minecraft:fall_one_cm":6067},"minecraft:used":{"minecraft:trident":65,"minecraft:stone_sword":9,"minecraft:dropper":8,"minecraft:tropical_fish":1,"minecraft:stone_shovel":7,"minecraft:sand":5,"minecraft:cod":1,"minecraft:stone_axe":15,"minecraft:rabbit_stew":1,"minecraft:fishing_rod":5,"minecraft:potion":2,"minecraft:red_banner":1,"minecraft:pumpkin_pie":1},"minecraft:killed_by":{"minecraft:player":7,"minecraft:zombie":2,"minecraft:magma_cube":1},"minecraft:killed":{"minecraft:pig":3,"minecraft:rabbit":2,"minecraft:pufferfish":2,"minecraft:horse":4,"minecraft:donkey":2,"minecraft:chicken":1,"minecraft:llama":1},"minecraft:dropped":{"minecraft:enchanted_book":10,"minecraft:bowl":1,"minecraft:stone_shovel":1,"minecraft:chicken":1,"minecraft:salmon":7,"minecraft:rabbit_foot":2,"minecraft:stick":2,"minecraft:pufferfish":5,"minecraft:rabbit_hide":2,"minecraft:dirt":1,"minecraft:spruce_trapdoor":2,"minecraft:rabbit":4,"minecraft:potion":1,"minecraft:rabbit_stew":2},"minecraft:picked_up":{"minecraft:fishing_rod":1,"minecraft:feather":2,"minecraft:chicken":3,"minecraft:salmon":14,"minecraft:rabbit_stew":7,"minecraft:leather":3,"minecraft:potion":3,"minecraft:enchanted_book":12,"minecraft:chainmail_chestplate":1,"minecraft:dirt":1,"minecraft:pufferfish":10,"minecraft:wheat_seeds":2,"minecraft:rabbit_hide":4,"minecraft:music_disc_far":1,"minecraft:player_head":1,"minecraft:rabbit":4,"minecraft:quartz_stairs":3,"minecraft:sugar_cane":3,"minecraft:spruce_trapdoor":2,"minecraft:egg":1,"minecraft:stick":2,"minecraft:pumpkin":7,"minecraft:dropper":8,"minecraft:sand":5,"minecraft:porkchop":3,"minecraft:red_banner":1,"minecraft:trident":1,"minecraft:red_terracotta":11,"minecraft:rabbit_foot":2,"minecraft:tnt":8,"minecraft:quartz_block":25,"minecraft:stone_sword":1,"minecraft:stone_shovel":2,"minecraft:tropical_fish":7,"minecraft:stone_axe":1,"minecraft:pumpkin_pie":11,"minecraft:chainmail_leggings":1,"minecraft:diamond_boots":1,"minecraft:gold_ingot":15,"minecraft:jack_o_lantern":14,"minecraft:cod":3},"minecraft:mined":{"minecraft:player_wall_head":1,"minecraft:grass_block":1,"minecraft:tall_grass":6,"minecraft:sugar_cane":1,"minecraft:seagrass":1,"minecraft:fire":1,"minecraft:red_wall_banner":1,"minecraft:tnt":7,"minecraft:grass":6,"minecraft:sand":5,"lucky:lucky_block":42}},"DataVersion":3465}