{"stats":{"minecraft:killed_by":{"minecraft:player":16,"minecraft:creeper":1,"minecraft:guardian":2},"minecraft:used":{"minecraft:enchanting_table":1,"minecraft:light_blue_terracotta":7,"minecraft:ender_chest":1,"minecraft:dragon_egg":1,"minecraft:nether_quartz_ore":1,"minecraft:diamond_helmet":1,"minecraft:obsidian":14,"minecraft:sea_lantern":3,"lucky:lucky_block":23,"minecraft:quartz_block":4,"minecraft:hay_block":1,"minecraft:yellow_glazed_terracotta":1,"lucky:lucky_potion":22,"minecraft:enchanted_golden_apple":3,"minecraft:cooked_mutton":2,"minecraft:baked_potato":15,"minecraft:ender_pearl":2,"lucky:lucky_sword":21,"minecraft:diamond_axe":33,"minecraft:golden_apple":7,"minecraft:sponge":1,"minecraft:note_block":1,"minecraft:diamond_pickaxe":21,"minecraft:iron_pickaxe":33,"minecraft:fishing_rod":4,"minecraft:diamond_sword":301,"minecraft:cooked_porkchop":18},"minecraft:crafted":{"minecraft:diamond":54,"minecraft:diamond_helmet":1,"minecraft:diamond_leggings":1,"minecraft:diamond_boots":1,"minecraft:diamond_sword":1,"minecraft:diamond_chestplate":1},"minecraft:killed":{"minecraft:witch":1,"minecraft:skeleton":7,"minecraft:chicken":4,"minecraft:skeleton_horse":1,"minecraft:magma_cube":1,"minecraft:pig":8,"minecraft:rabbit":3,"minecraft:bat":2,"minecraft:creeper":5,"minecraft:sheep":8,"minecraft:zombie":2,"minecraft:villager":2},"minecraft:custom":{"minecraft:interact_with_anvil":6,"minecraft:mob_kills":56,"minecraft:damage_dealt_resisted":3,"minecraft:leave_game":9,"minecraft:time_since_death":4160,"minecraft:damage_resisted":2377,"minecraft:climb_one_cm":2023,"minecraft:sprint_one_cm":455786,"minecraft:walk_one_cm":219395,"minecraft:drop":85,"minecraft:talked_to_villager":8,"minecraft:play_time":75013,"minecraft:deaths":31,"minecraft:sneak_time":1125,"minecraft:walk_under_water_one_cm":139,"minecraft:jump":2610,"minecraft:walk_on_water_one_cm":5431,"minecraft:total_world_time":75013,"minecraft:traded_with_villager":5,"minecraft:time_since_rest":4189,"minecraft:damage_absorbed":822,"minecraft:damage_taken":12395,"minecraft:damage_dealt":16563,"minecraft:player_kills":61,"minecraft:swim_one_cm":464,"minecraft:fly_one_cm":646728,"minecraft:open_chest":7,"minecraft:crouch_one_cm":3175,"minecraft:fall_one_cm":65261},"minecraft:mined":{"minecraft:purple_glazed_terracotta":1,"minecraft:quartz_stairs":1,"minecraft:light_blue_glazed_terracotta":1,"minecraft:sandstone_stairs":2,"minecraft:hay_block":1,"minecraft:fire":14,"minecraft:diamond_block":6,"minecraft:blue_glazed_terracotta":1,"lucky:lucky_block":156,"minecraft:pink_glazed_terracotta":2,"minecraft:orange_glazed_terracotta":2,"minecraft:quartz_block":8,"minecraft:player_wall_head":2,"minecraft:orange_terracotta":4,"minecraft:torch":1,"minecraft:glass":1,"minecraft:white_terracotta":2,"minecraft:light_blue_terracotta":2,"minecraft:lime_glazed_terracotta":3,"minecraft:magenta_glazed_terracotta":1,"minecraft:yellow_glazed_terracotta":3},"minecraft:dropped":{"minecraft:enchanted_book":7,"minecraft:iron_ingot":33,"minecraft:iron_sword":3,"minecraft:nether_star":1,"minecraft:cooked_porkchop":1,"minecraft:prismarine_shard":1,"minecraft:yellow_terracotta":1,"minecraft:feather":7,"minecraft:iron_helmet":1,"minecraft:prismarine_crystals":1,"lucky:lucky_potion":20,"minecraft:tropical_fish":1,"minecraft:stick":1,"minecraft:dispenser":2,"minecraft:torch":1,"minecraft:wooden_hoe":1,"minecraft:rabbit":1,"minecraft:jack_o_lantern":11,"minecraft:zombie_head":2,"minecraft:iron_leggings":1,"lucky:lucky_bow":1,"minecraft:gold_nugget":8,"minecraft:wooden_sword":1,"minecraft:pumpkin":16,"minecraft:iron_pickaxe":2,"minecraft:string":2,"minecraft:fishing_rod":1,"minecraft:bone":2,"minecraft:anvil":1,"minecraft:creeper_head":1,"minecraft:player_head":4,"minecraft:cooked_chicken":1,"minecraft:nether_wart":2,"minecraft:blaze_rod":3,"minecraft:jukebox":1,"minecraft:diamond_hoe":1,"minecraft:yellow_wool":2,"minecraft:iron_boots":1,"minecraft:prismarine":12,"minecraft:blaze_powder":1,"minecraft:music_disc_far":2,"minecraft:cooked_mutton":1,"minecraft:rabbit_foot":2,"minecraft:poppy":1,"minecraft:potato":78,"minecraft:lime_glazed_terracotta":2,"minecraft:gunpowder":2,"minecraft:spruce_trapdoor":5,"minecraft:skeleton_skull":1,"minecraft:iron_chestplate":2,"minecraft:quartz_stairs":1,"minecraft:wooden_shovel":2,"minecraft:spider_eye":1,"minecraft:magma_cream":6,"minecraft:ghast_tear":3,"lucky:lucky_sword":4},"minecraft:picked_up":{"minecraft:fishing_rod":2,"minecraft:iron_chestplate":2,"minecraft:creeper_head":2,"minecraft:ender_chest":2,"minecraft:splash_potion":1,"minecraft:chicken":2,"minecraft:nether_wart":2,"minecraft:anvil":1,"minecraft:prismarine_shard":1,"minecraft:yellow_wool":2,"minecraft:diamond_sword":3,"minecraft:potion":1,"minecraft:enchanted_book":7,"minecraft:string":2,"lucky:lucky_potion":78,"minecraft:wooden_sword":1,"minecraft:iron_leggings":1,"minecraft:pufferfish":1,"minecraft:zombie_head":2,"minecraft:diamond_leggings":2,"minecraft:gold_nugget":7,"lucky:lucky_sword":5,"minecraft:player_head":6,"minecraft:wooden_shovel":2,"minecraft:poppy":1,"minecraft:iron_pickaxe":2,"minecraft:enchanted_golden_apple":4,"minecraft:quartz_stairs":1,"minecraft:iron_boots":1,"minecraft:spruce_trapdoor":5,"minecraft:diamond_hoe":1,"minecraft:stick":1,"minecraft:jukebox":1,"minecraft:torch":2,"minecraft:note_block":1,"minecraft:prismarine_crystals":1,"minecraft:rabbit_foot":2,"minecraft:quartz_block":40,"minecraft:arrow":4,"minecraft:diamond_chestplate":2,"minecraft:tropical_fish":1,"minecraft:diamond_boots":3,"minecraft:hay_block":1,"minecraft:yellow_terracotta":1,"minecraft:bookshelf":10,"minecraft:gold_ingot":46,"minecraft:blaze_rod":3,"minecraft:obsidian":14,"minecraft:skeleton_skull":2,"minecraft:blaze_powder":1,"minecraft:sponge":1,"minecraft:enchanting_table":1,"minecraft:feather":7,"minecraft:magma_cream":6,"minecraft:salmon":2,"minecraft:potato":78,"minecraft:yellow_glazed_terracotta":1,"lucky:lucky_block":23,"minecraft:gunpowder":2,"minecraft:wither_skeleton_skull":1,"minecraft:wooden_hoe":1,"minecraft:lapis_lazuli":27,"lucky:lucky_bow":3,"minecraft:orange_terracotta":6,"minecraft:cooked_mutton":3,"minecraft:bone":11,"minecraft:iron_ingot":33,"minecraft:music_disc_far":2,"minecraft:cooked_chicken":1,"minecraft:diamond_helmet":1,"minecraft:rabbit":1,"minecraft:prismarine":12,"minecraft:iron_sword":3,"minecraft:lime_glazed_terracotta":2,"minecraft:ghast_tear":3,"minecraft:nether_quartz_ore":1,"minecraft:cooked_porkchop":19,"minecraft:pumpkin":16,"minecraft:diamond_block":6,"minecraft:sea_lantern":3,"minecraft:spider_eye":1,"minecraft:dragon_egg":1,"minecraft:dispenser":2,"minecraft:light_blue_terracotta":7,"minecraft:diamond":112,"minecraft:iron_helmet":2,"minecraft:diamond_axe":1,"minecraft:golden_apple":6,"minecraft:emerald":55,"minecraft:baked_potato":54,"minecraft:jack_o_lantern":11,"minecraft:nether_star":1,"minecraft:ender_pearl":2,"minecraft:diamond_pickaxe":1},"minecraft:broken":{"minecraft:diamond_chestplate":2,"minecraft:diamond_helmet":1,"minecraft:diamond_leggings":1,"minecraft:diamond_boots":2,"minecraft:iron_helmet":1}},"DataVersion":3465}