{"stats":{"minecraft:broken":{"minecraft:stone_pickaxe":1},"minecraft:custom":{"minecraft:interact_with_furnace":51,"minecraft:mob_kills":16,"minecraft:interact_with_crafting_table":23,"minecraft:leave_game":2,"minecraft:time_since_death":11272,"minecraft:sleep_in_bed":3,"minecraft:time_since_rest":11304,"minecraft:sprint_one_cm":175645,"minecraft:damage_taken":3718,"minecraft:walk_one_cm":110950,"minecraft:damage_blocked_by_shield":1575,"minecraft:drop":9,"minecraft:damage_dealt":2536,"minecraft:swim_one_cm":2265,"minecraft:player_kills":1,"minecraft:fly_one_cm":237959,"minecraft:open_chest":14,"minecraft:play_time":86893,"minecraft:crouch_one_cm":16024,"minecraft:deaths":11,"minecraft:sneak_time":6042,"minecraft:walk_under_water_one_cm":12943,"minecraft:jump":1521,"minecraft:walk_on_water_one_cm":11910,"minecraft:total_world_time":86893,"minecraft:fall_one_cm":105375},"minecraft:mined":{"minecraft:acacia_leaves":2,"minecraft:white_bed":4,"minecraft:crafting_table":6,"minecraft:acacia_log":13,"minecraft:grass_block":3,"minecraft:chest":1,"minecraft:sculk_sensor":1,"minecraft:cobblestone":5,"minecraft:deepslate_gold_ore":3,"minecraft:pink_petals":2,"minecraft:hay_block":17,"minecraft:furnace":4,"minecraft:iron_ore":72,"minecraft:grass":24,"minecraft:oak_log":8,"minecraft:pointed_dripstone":3,"minecraft:coal_ore":54,"minecraft:gravel":3,"minecraft:dirt":2,"minecraft:stone":69,"minecraft:oak_leaves":2,"minecraft:deepslate":1},"minecraft:picked_up":{"minecraft:pink_petals":7,"minecraft:crafting_table":7,"minecraft:iron_chestplate":4,"minecraft:wooden_pickaxe":3,"minecraft:oak_log":18,"minecraft:shield":1,"minecraft:dirt":7,"minecraft:iron_leggings":4,"minecraft:bone":4,"minecraft:bow":1,"minecraft:wheat_seeds":4,"minecraft:cobbled_deepslate":1,"minecraft:raw_gold":6,"minecraft:iron_ingot":25,"minecraft:stone_pickaxe":2,"minecraft:iron_pickaxe":3,"minecraft:chest":1,"minecraft:oak_planks":6,"minecraft:acacia_sapling":2,"minecraft:iron_boots":2,"minecraft:furnace":5,"minecraft:stick":2,"minecraft:raw_iron":96,"minecraft:acacia_log":13,"minecraft:gravel":5,"minecraft:pointed_dripstone":4,"minecraft:white_bed":4,"minecraft:arrow":4,"minecraft:rotten_flesh":12,"minecraft:stone_axe":2,"minecraft:hay_block":16,"minecraft:iron_helmet":4,"minecraft:mutton":6,"minecraft:black_wool":2,"minecraft:coal":150,"minecraft:white_wool":9,"minecraft:cobblestone":142,"minecraft:ender_pearl":2},"minecraft:killed_by":{"minecraft:skeleton":7},"minecraft:used":{"minecraft:cooked_mutton":4,"minecraft:stone_pickaxe":136,"minecraft:wooden_pickaxe":13,"minecraft:chest":1,"minecraft:shield":22,"minecraft:rotten_flesh":10,"minecraft:iron_chestplate":4,"minecraft:dirt":4,"minecraft:mutton":1,"minecraft:crafting_table":6,"minecraft:white_bed":4,"minecraft:acacia_sapling":1,"minecraft:oak_log":4,"minecraft:iron_pickaxe":65,"minecraft:iron_helmet":2,"minecraft:iron_boots":1,"minecraft:gravel":1,"minecraft:stone_axe":44,"minecraft:cobblestone":55,"minecraft:furnace":4,"minecraft:iron_leggings":4,"minecraft:acacia_planks":4,"minecraft:pointed_dripstone":4},"minecraft:killed":{"minecraft:sheep":4,"minecraft:skeleton":2,"minecraft:zombie":5,"minecraft:enderman":1},"minecraft:crafted":{"minecraft:oak_planks":40,"minecraft:crafting_table":3,"minecraft:wooden_pickaxe":1,"minecraft:iron_helmet":1,"minecraft:furnace":3,"minecraft:stone_axe":1,"minecraft:cooked_mutton":5,"minecraft:air":0,"minecraft:iron_boots":1,"minecraft:iron_chestplate":2,"minecraft:shield":1,"minecraft:stick":12,"minecraft:iron_ingot":61,"minecraft:iron_pickaxe":2,"minecraft:stone_pickaxe":2,"minecraft:chest":1,"minecraft:iron_leggings":2,"minecraft:white_bed":1,"minecraft:acacia_planks":52},"minecraft:dropped":{"minecraft:iron_ingot":3,"minecraft:iron_helmet":1,"minecraft:apple":2,"minecraft:cooked_mutton":1,"minecraft:saddle":1,"minecraft:iron_chestplate":1}},"DataVersion":3465}