{"stats":{"minecraft:broken":{"minecraft:stone_pickaxe":1},"minecraft:custom":{"minecraft:interact_with_furnace":32,"minecraft:mob_kills":15,"minecraft:interact_with_crafting_table":22,"minecraft:leave_game":2,"minecraft:time_since_death":15468,"minecraft:sleep_in_bed":2,"minecraft:time_since_rest":15499,"minecraft:sprint_one_cm":157103,"minecraft:damage_taken":3158,"minecraft:walk_one_cm":100741,"minecraft:damage_blocked_by_shield":1575,"minecraft:drop":1,"minecraft:damage_dealt":2458,"minecraft:swim_one_cm":2265,"minecraft:player_kills":1,"minecraft:fly_one_cm":217264,"minecraft:open_chest":8,"minecraft:play_time":74893,"minecraft:crouch_one_cm":13951,"minecraft:deaths":9,"minecraft:sneak_time":5640,"minecraft:walk_under_water_one_cm":12943,"minecraft:jump":1417,"minecraft:walk_on_water_one_cm":11910,"minecraft:total_world_time":74893,"minecraft:fall_one_cm":98723},"minecraft:mined":{"minecraft:acacia_leaves":2,"minecraft:white_bed":3,"minecraft:crafting_table":5,"minecraft:acacia_log":13,"minecraft:grass_block":3,"minecraft:sculk_sensor":1,"minecraft:cobblestone":5,"minecraft:deepslate_gold_ore":3,"minecraft:furnace":1,"minecraft:iron_ore":72,"minecraft:grass":12,"minecraft:oak_log":8,"minecraft:pointed_dripstone":3,"minecraft:coal_ore":54,"minecraft:gravel":3,"minecraft:dirt":2,"minecraft:stone":69,"minecraft:oak_leaves":2,"minecraft:deepslate":1},"minecraft:picked_up":{"minecraft:crafting_table":6,"minecraft:iron_chestplate":3,"minecraft:wooden_pickaxe":1,"minecraft:oak_log":18,"minecraft:shield":1,"minecraft:dirt":6,"minecraft:iron_leggings":4,"minecraft:bone":4,"minecraft:bow":1,"minecraft:wheat_seeds":1,"minecraft:cobbled_deepslate":1,"minecraft:raw_gold":6,"minecraft:iron_ingot":19,"minecraft:stone_pickaxe":2,"minecraft:iron_pickaxe":3,"minecraft:acacia_sapling":2,"minecraft:iron_boots":2,"minecraft:furnace":2,"minecraft:stick":2,"minecraft:raw_iron":96,"minecraft:acacia_log":13,"minecraft:gravel":4,"minecraft:pointed_dripstone":4,"minecraft:white_bed":3,"minecraft:arrow":4,"minecraft:rotten_flesh":11,"minecraft:stone_axe":2,"minecraft:iron_helmet":3,"minecraft:mutton":6,"minecraft:black_wool":1,"minecraft:coal":109,"minecraft:white_wool":9,"minecraft:cobblestone":140,"minecraft:ender_pearl":1},"minecraft:killed_by":{"minecraft:skeleton":5},"minecraft:used":{"minecraft:cooked_mutton":4,"minecraft:stone_pickaxe":136,"minecraft:wooden_pickaxe":10,"minecraft:chest":1,"minecraft:shield":22,"minecraft:rotten_flesh":10,"minecraft:iron_chestplate":4,"minecraft:dirt":4,"minecraft:mutton":1,"minecraft:crafting_table":6,"minecraft:white_bed":4,"minecraft:acacia_sapling":1,"minecraft:oak_log":4,"minecraft:iron_pickaxe":65,"minecraft:iron_helmet":1,"minecraft:iron_boots":1,"minecraft:gravel":1,"minecraft:stone_axe":44,"minecraft:cobblestone":54,"minecraft:furnace":3,"minecraft:iron_leggings":4,"minecraft:acacia_planks":4,"minecraft:pointed_dripstone":4},"minecraft:killed":{"minecraft:sheep":4,"minecraft:skeleton":2,"minecraft:zombie":5,"minecraft:enderman":1},"minecraft:dropped":{"minecraft:cooked_mutton":1},"minecraft:crafted":{"minecraft:oak_planks":40,"minecraft:crafting_table":3,"minecraft:wooden_pickaxe":1,"minecraft:iron_helmet":1,"minecraft:furnace":3,"minecraft:stone_axe":1,"minecraft:cooked_mutton":5,"minecraft:air":0,"minecraft:iron_boots":1,"minecraft:iron_chestplate":2,"minecraft:shield":1,"minecraft:stick":12,"minecraft:iron_ingot":46,"minecraft:iron_pickaxe":2,"minecraft:stone_pickaxe":2,"minecraft:chest":1,"minecraft:iron_leggings":2,"minecraft:white_bed":1,"minecraft:acacia_planks":52}},"DataVersion":3465}