{"stats":{"minecraft:custom":{"minecraft:time_since_rest":638,"minecraft:sprint_one_cm":34274,"minecraft:inspect_dropper":1,"minecraft:damage_taken":1473,"minecraft:walk_one_cm":17832,"minecraft:mob_kills":1,"minecraft:drop":8,"minecraft:damage_dealt":608,"minecraft:fly_one_cm":59641,"minecraft:player_kills":2,"minecraft:crouch_one_cm":397,"minecraft:play_time":5647,"minecraft:deaths":5,"minecraft:sneak_time":319,"minecraft:jump":212,"minecraft:time_since_death":610,"minecraft:climb_one_cm":96,"minecraft:total_world_time":5647,"minecraft:fall_one_cm":4365},"minecraft:used":{"minecraft:stone_sword":9,"minecraft:dropper":8,"minecraft:tropical_fish":1,"minecraft:stone_shovel":1,"minecraft:stone_axe":10,"minecraft:fishing_rod":1,"minecraft:pumpkin_pie":1},"minecraft:killed_by":{"minecraft:player":1,"minecraft:zombie":2},"minecraft:killed":{"minecraft:rabbit":1},"minecraft:dropped":{"minecraft:enchanted_book":7,"minecraft:stick":2},"minecraft:picked_up":{"minecraft:fishing_rod":1,"minecraft:stick":2,"minecraft:salmon":7,"minecraft:dropper":8,"minecraft:enchanted_book":8,"minecraft:potion":2,"minecraft:red_terracotta":11,"minecraft:rabbit_foot":1,"minecraft:quartz_block":25,"minecraft:pufferfish":4,"minecraft:stone_sword":1,"minecraft:stone_shovel":1,"minecraft:tropical_fish":7,"minecraft:stone_axe":1,"minecraft:pumpkin_pie":11,"minecraft:rabbit_hide":2,"minecraft:player_head":1,"minecraft:gold_ingot":15,"minecraft:rabbit":2,"minecraft:quartz_stairs":3,"minecraft:spruce_trapdoor":1,"minecraft:cod":3},"minecraft:mined":{"minecraft:player_wall_head":1,"lucky:lucky_block":24}},"DataVersion":3465}