{"stats":{"minecraft:killed_by":{"minecraft:player":1},"minecraft:custom":{"minecraft:jump":49,"minecraft:time_since_rest":629,"minecraft:damage_dealt":220,"minecraft:crouch_one_cm":120,"minecraft:deaths":1,"minecraft:sprint_one_cm":7869,"minecraft:play_time":3762,"minecraft:damage_taken":247,"minecraft:time_since_death":594,"minecraft:walk_one_cm":9203,"minecraft:sneak_time":78,"minecraft:total_world_time":3762,"minecraft:fall_one_cm":640,"minecraft:fly_one_cm":4951,"minecraft:player_kills":1}},"DataVersion":3465}