{"stats":{"minecraft:killed_by":{"minecraft:player":1},"minecraft:used":{"minecraft:iron_chestplate":1,"minecraft:dirt":22,"minecraft:crafting_table":1,"minecraft:sponge":1,"minecraft:wooden_shovel":37,"minecraft:snowball":2,"minecraft:iron_leggings":1,"minecraft:rotten_flesh":3},"minecraft:crafted":{"minecraft:wooden_shovel":1,"minecraft:crafting_table":1,"minecraft:stick":4},"minecraft:mined":{"minecraft:grass_block":22,"minecraft:dirt":2,"minecraft:snow":1,"minecraft:snow_block":24,"lucky:lucky_block":5,"minecraft:crafting_table":1,"minecraft:dark_oak_planks":9},"minecraft:custom":{"minecraft:open_chest":1,"minecraft:time_since_rest":4441,"minecraft:crouch_one_cm":7518,"minecraft:play_time":7914,"minecraft:sprint_one_cm":19141,"minecraft:deaths":2,"minecraft:damage_taken":727,"minecraft:walk_one_cm":20346,"minecraft:sneak_time":1892,"minecraft:jump":108,"minecraft:damage_dealt":436,"minecraft:leave_game":1,"minecraft:time_since_death":4412,"minecraft:total_world_time":7914,"minecraft:interact_with_crafting_table":1,"minecraft:fly_one_cm":9806,"minecraft:fall_one_cm":873},"minecraft:picked_up":{"minecraft:sponge":1,"minecraft:crafting_table":1,"minecraft:iron_leggings":1,"minecraft:iron_chestplate":1,"minecraft:oak_sign":1,"minecraft:dark_oak_planks":9,"minecraft:iron_horse_armor":1,"minecraft:snowball":125,"minecraft:dirt":25}},"DataVersion":3465}