{"stats":{"minecraft:killed_by":{"minecraft:player":6,"minecraft:creeper":1,"minecraft:guardian":1},"minecraft:used":{"minecraft:enchanting_table":1,"minecraft:light_blue_terracotta":7,"minecraft:ender_pearl":2,"minecraft:ender_chest":1,"lucky:lucky_sword":18,"minecraft:diamond_axe":28,"minecraft:golden_apple":6,"minecraft:dragon_egg":1,"minecraft:nether_quartz_ore":1,"minecraft:note_block":1,"minecraft:sponge":1,"minecraft:obsidian":14,"minecraft:diamond_pickaxe":1,"minecraft:sea_lantern":3,"lucky:lucky_block":23,"minecraft:iron_pickaxe":33,"minecraft:quartz_block":4,"minecraft:fishing_rod":4,"minecraft:diamond_sword":62,"minecraft:yellow_glazed_terracotta":1,"lucky:lucky_potion":17},"minecraft:crafted":{"minecraft:diamond":45,"minecraft:diamond_leggings":1,"minecraft:diamond_helmet":1,"minecraft:diamond_boots":1,"minecraft:diamond_chestplate":1},"minecraft:killed":{"minecraft:witch":1,"minecraft:bat":2,"minecraft:creeper":2,"minecraft:sheep":1,"minecraft:skeleton":3,"minecraft:zombie":1,"minecraft:chicken":1,"minecraft:villager":1},"minecraft:mined":{"minecraft:quartz_block":4,"minecraft:light_blue_glazed_terracotta":1,"minecraft:lime_glazed_terracotta":3,"minecraft:fire":4,"minecraft:diamond_block":5,"minecraft:magenta_glazed_terracotta":1,"minecraft:yellow_glazed_terracotta":3,"minecraft:blue_glazed_terracotta":1,"lucky:lucky_block":134,"minecraft:pink_glazed_terracotta":2,"minecraft:orange_glazed_terracotta":2,"minecraft:purple_glazed_terracotta":1},"minecraft:custom":{"minecraft:mob_kills":16,"minecraft:traded_with_villager":4,"minecraft:damage_dealt_resisted":3,"minecraft:leave_game":1,"minecraft:time_since_death":4261,"minecraft:damage_resisted":706,"minecraft:climb_one_cm":269,"minecraft:time_since_rest":4294,"minecraft:sprint_one_cm":180166,"minecraft:damage_absorbed":285,"minecraft:damage_taken":3834,"minecraft:walk_one_cm":104342,"minecraft:drop":60,"minecraft:damage_dealt":4381,"minecraft:fly_one_cm":205076,"minecraft:player_kills":8,"minecraft:talked_to_villager":5,"minecraft:open_chest":2,"minecraft:crouch_one_cm":1608,"minecraft:play_time":29817,"minecraft:deaths":12,"minecraft:sneak_time":672,"minecraft:jump":882,"minecraft:walk_on_water_one_cm":854,"minecraft:total_world_time":29817,"minecraft:fall_one_cm":20626},"minecraft:dropped":{"minecraft:enchanted_book":7,"minecraft:iron_sword":3,"minecraft:anvil":1,"minecraft:player_head":4,"minecraft:nether_wart":2,"minecraft:blaze_rod":3,"minecraft:jukebox":1,"minecraft:nether_star":1,"minecraft:diamond_hoe":1,"minecraft:prismarine_shard":1,"minecraft:iron_helmet":1,"minecraft:prismarine_crystals":1,"minecraft:iron_boots":1,"minecraft:prismarine":12,"minecraft:blaze_powder":1,"minecraft:music_disc_far":2,"minecraft:tropical_fish":1,"minecraft:rabbit_foot":2,"minecraft:stick":1,"minecraft:lime_glazed_terracotta":2,"minecraft:gunpowder":2,"minecraft:skeleton_skull":1,"minecraft:wooden_hoe":1,"minecraft:dispenser":2,"minecraft:iron_chestplate":2,"minecraft:quartz_stairs":1,"minecraft:wooden_shovel":2,"minecraft:jack_o_lantern":11,"minecraft:wooden_sword":1,"minecraft:gold_nugget":6,"minecraft:iron_leggings":1,"lucky:lucky_bow":1,"minecraft:spider_eye":1,"minecraft:pumpkin":16,"minecraft:iron_pickaxe":2,"minecraft:magma_cream":2,"minecraft:ghast_tear":3,"minecraft:string":2,"minecraft:fishing_rod":1,"minecraft:bone":2},"minecraft:picked_up":{"minecraft:sponge":1,"minecraft:enchanting_table":1,"minecraft:fishing_rod":2,"minecraft:iron_chestplate":2,"minecraft:magma_cream":4,"minecraft:splash_potion":1,"minecraft:ender_chest":2,"minecraft:nether_wart":2,"minecraft:anvil":1,"minecraft:prismarine_shard":1,"minecraft:diamond_sword":2,"minecraft:enchanted_book":7,"minecraft:yellow_glazed_terracotta":1,"minecraft:wither_skeleton_skull":1,"lucky:lucky_block":23,"minecraft:gunpowder":2,"minecraft:wooden_hoe":1,"minecraft:lapis_lazuli":8,"minecraft:string":2,"lucky:lucky_bow":3,"lucky:lucky_potion":58,"minecraft:wooden_sword":1,"minecraft:iron_leggings":1,"minecraft:zombie_head":2,"minecraft:bone":2,"minecraft:diamond_leggings":1,"minecraft:gold_nugget":6,"lucky:lucky_sword":4,"minecraft:iron_ingot":33,"minecraft:music_disc_far":2,"minecraft:player_head":4,"minecraft:wooden_shovel":2,"minecraft:poppy":1,"minecraft:iron_pickaxe":2,"minecraft:rabbit":1,"minecraft:enchanted_golden_apple":4,"minecraft:quartz_stairs":1,"minecraft:prismarine":12,"minecraft:diamond_hoe":1,"minecraft:iron_sword":3,"minecraft:spruce_trapdoor":5,"minecraft:lime_glazed_terracotta":2,"minecraft:iron_boots":1,"minecraft:ghast_tear":3,"minecraft:stick":1,"minecraft:nether_quartz_ore":1,"minecraft:jukebox":1,"minecraft:pumpkin":16,"minecraft:note_block":1,"minecraft:diamond_block":5,"minecraft:spider_eye":1,"minecraft:sea_lantern":3,"minecraft:prismarine_crystals":1,"minecraft:dragon_egg":1,"minecraft:rabbit_foot":2,"minecraft:quartz_block":4,"minecraft:dispenser":2,"minecraft:arrow":3,"minecraft:diamond_chestplate":2,"minecraft:light_blue_terracotta":7,"minecraft:diamond":102,"minecraft:tropical_fish":1,"minecraft:diamond_boots":3,"minecraft:iron_helmet":2,"minecraft:diamond_axe":1,"minecraft:golden_apple":6,"minecraft:gold_ingot":30,"minecraft:emerald":31,"minecraft:jack_o_lantern":11,"minecraft:skeleton_skull":1,"minecraft:blaze_rod":3,"minecraft:diamond_pickaxe":1,"minecraft:obsidian":14,"minecraft:blaze_powder":1,"minecraft:nether_star":1,"minecraft:ender_pearl":2},"minecraft:broken":{"minecraft:iron_helmet":1}},"DataVersion":3465}