{"stats":{"minecraft:custom":{"minecraft:interact_with_furnace":2,"minecraft:inspect_dropper":1,"minecraft:interact_with_anvil":8,"minecraft:mob_kills":23,"minecraft:leave_game":3,"minecraft:time_since_death":796,"minecraft:damage_resisted":809,"minecraft:climb_one_cm":666,"minecraft:time_since_rest":837,"minecraft:sprint_one_cm":212164,"minecraft:damage_absorbed":358,"minecraft:damage_taken":10701,"minecraft:walk_one_cm":95190,"minecraft:drop":69,"minecraft:damage_dealt":6875,"minecraft:player_kills":25,"minecraft:swim_one_cm":1354,"minecraft:fly_one_cm":363096,"minecraft:talked_to_villager":3,"minecraft:open_chest":9,"minecraft:play_time":37323,"minecraft:crouch_one_cm":1053,"minecraft:sneak_time":500,"minecraft:deaths":28,"minecraft:walk_under_water_one_cm":360,"minecraft:jump":1186,"minecraft:walk_on_water_one_cm":3791,"minecraft:total_world_time":37323,"minecraft:fall_one_cm":75950},"minecraft:used":{"minecraft:cooked_mutton":1,"minecraft:trident":126,"minecraft:stone_sword":11,"minecraft:dropper":8,"minecraft:stone_shovel":7,"minecraft:tropical_fish":1,"lucky:lucky_sword":14,"minecraft:beacon":1,"minecraft:golden_apple":4,"minecraft:sand":5,"minecraft:cod":4,"minecraft:fishing_rod":7,"minecraft:spruce_trapdoor":1,"minecraft:pink_wool":1,"minecraft:rabbit_stew":2,"minecraft:stone_axe":15,"minecraft:potion":4,"minecraft:bow":42,"minecraft:pumpkin_pie":1,"minecraft:red_banner":1,"lucky:lucky_potion":17,"minecraft:enchanted_golden_apple":1,"minecraft:splash_potion":2},"minecraft:killed_by":{"minecraft:player":11,"minecraft:skeleton":1,"minecraft:zombie":2,"minecraft:magma_cube":1},"minecraft:killed":{"minecraft:cat":1,"minecraft:pig":3,"minecraft:rabbit":2,"minecraft:bat":1,"minecraft:creeper":1,"minecraft:pufferfish":2,"minecraft:horse":4,"minecraft:skeleton":2,"minecraft:donkey":2,"minecraft:chicken":1,"minecraft:llama":1},"minecraft:dropped":{"minecraft:enchanted_book":12,"minecraft:sugar_cane":3,"minecraft:porkchop":3,"minecraft:wheat_seeds":2,"minecraft:stone_sword":1,"minecraft:blaze_rod":1,"minecraft:glass_bottle":4,"minecraft:bowl":2,"minecraft:stone_shovel":2,"minecraft:chicken":3,"minecraft:feather":2,"minecraft:rotten_flesh":4,"minecraft:diamond_shovel":1,"lucky:lucky_potion":2,"minecraft:saddle":1,"minecraft:tropical_fish":6,"minecraft:orange_wool":1,"minecraft:salmon":14,"minecraft:carrot":8,"minecraft:rabbit_foot":2,"minecraft:cod":3,"minecraft:stick":2,"minecraft:pufferfish":6,"minecraft:rabbit_hide":4,"minecraft:poppy":2,"minecraft:dirt":1,"minecraft:piglin_spawn_egg":1,"minecraft:spruce_trapdoor":2,"minecraft:rabbit":4,"minecraft:potion":3,"lucky:lucky_bow":1,"minecraft:gold_nugget":1,"minecraft:rabbit_stew":3,"minecraft:sugar":42,"minecraft:purple_wool":1,"minecraft:quartz":27,"minecraft:fishing_rod":1,"minecraft:gold_ingot":15,"minecraft:green_wool":2},"minecraft:picked_up":{"minecraft:fishing_rod":2,"minecraft:feather":2,"minecraft:purple_wool":1,"minecraft:splash_potion":2,"minecraft:chicken":3,"minecraft:salmon":14,"minecraft:rabbit_stew":7,"minecraft:leather":3,"minecraft:beacon":1,"minecraft:pink_wool":1,"minecraft:enchanted_book":14,"minecraft:potion":7,"minecraft:chainmail_chestplate":1,"minecraft:piglin_spawn_egg":1,"minecraft:magenta_terracotta":3,"minecraft:dirt":1,"lucky:lucky_bow":2,"lucky:lucky_potion":19,"minecraft:cooked_mutton":2,"minecraft:bone":2,"minecraft:pufferfish":17,"minecraft:apple":2,"minecraft:bow":2,"minecraft:wheat_seeds":2,"lucky:lucky_sword":2,"minecraft:rabbit_hide":4,"minecraft:music_disc_far":1,"minecraft:player_head":1,"minecraft:rabbit":4,"minecraft:poppy":2,"minecraft:enchanted_golden_apple":1,"minecraft:sugar_cane":3,"minecraft:quartz_stairs":11,"minecraft:spruce_trapdoor":4,"minecraft:egg":1,"minecraft:stick":2,"minecraft:pumpkin":7,"minecraft:quartz":27,"minecraft:dropper":8,"minecraft:porkchop":3,"minecraft:sand":5,"minecraft:cookie":64,"minecraft:red_banner":1,"minecraft:trident":2,"minecraft:carrot":16,"minecraft:spider_eye":2,"minecraft:red_terracotta":11,"minecraft:dragon_egg":2,"minecraft:rabbit_foot":2,"minecraft:orange_wool":1,"minecraft:tnt":20,"minecraft:quartz_block":46,"minecraft:stone_sword":1,"minecraft:diamond_shovel":1,"minecraft:stone_shovel":2,"minecraft:rotten_flesh":4,"minecraft:sugar":42,"minecraft:light_blue_terracotta":5,"minecraft:tropical_fish":7,"minecraft:stone_axe":1,"minecraft:pumpkin_pie":17,"minecraft:chainmail_leggings":1,"minecraft:diamond_boots":1,"minecraft:golden_apple":3,"minecraft:green_wool":2,"minecraft:saddle":1,"minecraft:gold_ingot":15,"minecraft:jack_o_lantern":14,"minecraft:blaze_rod":1,"minecraft:mutton":3,"minecraft:cod":7,"minecraft:white_wool":2},"minecraft:mined":{"minecraft:player_wall_head":1,"minecraft:grass_block":1,"minecraft:glass":1,"minecraft:tall_grass":6,"minecraft:sugar_cane":1,"minecraft:seagrass":1,"minecraft:fire":1,"minecraft:tnt":7,"minecraft:red_wall_banner":1,"minecraft:grass":6,"minecraft:sand":5,"lucky:lucky_block":79}},"DataVersion":3465}