{"stats":{"minecraft:killed_by":{"minecraft:player":6,"minecraft:creeper":1,"minecraft:guardian":1},"minecraft:used":{"minecraft:enchanting_table":1,"minecraft:light_blue_terracotta":7,"minecraft:ender_chest":1,"minecraft:dragon_egg":1,"minecraft:nether_quartz_ore":1,"minecraft:obsidian":14,"minecraft:sea_lantern":3,"lucky:lucky_block":23,"minecraft:quartz_block":4,"minecraft:hay_block":1,"minecraft:yellow_glazed_terracotta":1,"lucky:lucky_potion":21,"minecraft:enchanted_golden_apple":1,"minecraft:cooked_mutton":2,"minecraft:ender_pearl":2,"lucky:lucky_sword":21,"minecraft:diamond_axe":28,"minecraft:golden_apple":6,"minecraft:sponge":1,"minecraft:note_block":1,"minecraft:diamond_pickaxe":6,"minecraft:iron_pickaxe":33,"minecraft:fishing_rod":4,"minecraft:diamond_sword":121,"minecraft:cooked_porkchop":4},"minecraft:crafted":{"minecraft:diamond":54,"minecraft:diamond_helmet":1,"minecraft:diamond_leggings":1,"minecraft:diamond_boots":1,"minecraft:diamond_sword":1,"minecraft:diamond_chestplate":1},"minecraft:killed":{"minecraft:witch":1,"minecraft:skeleton":3,"minecraft:chicken":3,"minecraft:magma_cube":1,"minecraft:pig":8,"minecraft:rabbit":2,"minecraft:bat":2,"minecraft:creeper":3,"minecraft:sheep":8,"minecraft:zombie":1,"minecraft:villager":2},"minecraft:custom":{"minecraft:mob_kills":40,"minecraft:interact_with_anvil":3,"minecraft:damage_dealt_resisted":3,"minecraft:leave_game":3,"minecraft:time_since_death":4015,"minecraft:climb_one_cm":269,"minecraft:damage_resisted":1443,"minecraft:sprint_one_cm":242933,"minecraft:walk_one_cm":135813,"minecraft:drop":78,"minecraft:talked_to_villager":8,"minecraft:play_time":41428,"minecraft:deaths":13,"minecraft:sneak_time":834,"minecraft:jump":1227,"minecraft:walk_on_water_one_cm":1544,"minecraft:total_world_time":41428,"minecraft:traded_with_villager":5,"minecraft:time_since_rest":4062,"minecraft:damage_taken":4804,"minecraft:damage_absorbed":418,"minecraft:damage_dealt":7482,"minecraft:fly_one_cm":290072,"minecraft:player_kills":16,"minecraft:open_chest":5,"minecraft:crouch_one_cm":2359,"minecraft:fall_one_cm":31248},"minecraft:mined":{"minecraft:purple_glazed_terracotta":1,"minecraft:light_blue_glazed_terracotta":1,"minecraft:sandstone_stairs":2,"minecraft:hay_block":1,"minecraft:fire":9,"minecraft:diamond_block":6,"minecraft:blue_glazed_terracotta":1,"lucky:lucky_block":153,"minecraft:pink_glazed_terracotta":2,"minecraft:orange_glazed_terracotta":2,"minecraft:quartz_block":4,"minecraft:torch":1,"minecraft:lime_glazed_terracotta":3,"minecraft:magenta_glazed_terracotta":1,"minecraft:yellow_glazed_terracotta":3},"minecraft:dropped":{"minecraft:enchanted_book":7,"minecraft:iron_ingot":33,"minecraft:iron_sword":3,"minecraft:nether_star":1,"minecraft:prismarine_shard":1,"minecraft:iron_helmet":1,"minecraft:prismarine_crystals":1,"lucky:lucky_potion":20,"minecraft:tropical_fish":1,"minecraft:stick":1,"minecraft:torch":1,"minecraft:wooden_hoe":1,"minecraft:dispenser":2,"minecraft:rabbit":1,"minecraft:jack_o_lantern":11,"minecraft:zombie_head":2,"minecraft:iron_leggings":1,"lucky:lucky_bow":1,"minecraft:gold_nugget":7,"minecraft:wooden_sword":1,"minecraft:pumpkin":16,"minecraft:iron_pickaxe":2,"minecraft:string":2,"minecraft:fishing_rod":1,"minecraft:bone":2,"minecraft:anvil":1,"minecraft:player_head":4,"minecraft:cooked_chicken":1,"minecraft:nether_wart":2,"minecraft:blaze_rod":3,"minecraft:jukebox":1,"minecraft:diamond_hoe":1,"minecraft:yellow_wool":2,"minecraft:iron_boots":1,"minecraft:prismarine":12,"minecraft:blaze_powder":1,"minecraft:music_disc_far":2,"minecraft:cooked_mutton":1,"minecraft:rabbit_foot":2,"minecraft:poppy":1,"minecraft:lime_glazed_terracotta":2,"minecraft:gunpowder":2,"minecraft:spruce_trapdoor":5,"minecraft:skeleton_skull":1,"minecraft:iron_chestplate":2,"minecraft:quartz_stairs":1,"minecraft:wooden_shovel":2,"minecraft:spider_eye":1,"minecraft:magma_cream":6,"minecraft:ghast_tear":3,"lucky:lucky_sword":4},"minecraft:picked_up":{"minecraft:fishing_rod":2,"minecraft:iron_chestplate":2,"minecraft:splash_potion":1,"minecraft:ender_chest":2,"minecraft:nether_wart":2,"minecraft:anvil":1,"minecraft:prismarine_shard":1,"minecraft:yellow_wool":2,"minecraft:diamond_sword":3,"minecraft:potion":1,"minecraft:enchanted_book":7,"minecraft:string":2,"lucky:lucky_potion":78,"minecraft:wooden_sword":1,"minecraft:iron_leggings":1,"minecraft:pufferfish":1,"minecraft:zombie_head":2,"minecraft:diamond_leggings":2,"minecraft:gold_nugget":6,"lucky:lucky_sword":5,"minecraft:player_head":4,"minecraft:wooden_shovel":2,"minecraft:poppy":1,"minecraft:iron_pickaxe":2,"minecraft:enchanted_golden_apple":4,"minecraft:quartz_stairs":1,"minecraft:iron_boots":1,"minecraft:spruce_trapdoor":5,"minecraft:diamond_hoe":1,"minecraft:stick":1,"minecraft:jukebox":1,"minecraft:torch":1,"minecraft:note_block":1,"minecraft:prismarine_crystals":1,"minecraft:rabbit_foot":2,"minecraft:quartz_block":4,"minecraft:arrow":3,"minecraft:diamond_chestplate":2,"minecraft:tropical_fish":1,"minecraft:diamond_boots":3,"minecraft:hay_block":1,"minecraft:bookshelf":10,"minecraft:gold_ingot":46,"minecraft:blaze_rod":3,"minecraft:obsidian":14,"minecraft:skeleton_skull":1,"minecraft:blaze_powder":1,"minecraft:sponge":1,"minecraft:enchanting_table":1,"minecraft:feather":3,"minecraft:magma_cream":6,"minecraft:salmon":2,"minecraft:yellow_glazed_terracotta":1,"lucky:lucky_block":23,"minecraft:gunpowder":2,"minecraft:wither_skeleton_skull":1,"minecraft:wooden_hoe":1,"minecraft:lapis_lazuli":27,"lucky:lucky_bow":3,"minecraft:cooked_mutton":3,"minecraft:bone":4,"minecraft:iron_ingot":33,"minecraft:music_disc_far":2,"minecraft:cooked_chicken":1,"minecraft:diamond_helmet":1,"minecraft:rabbit":1,"minecraft:prismarine":12,"minecraft:iron_sword":3,"minecraft:lime_glazed_terracotta":2,"minecraft:ghast_tear":3,"minecraft:nether_quartz_ore":1,"minecraft:cooked_porkchop":19,"minecraft:pumpkin":16,"minecraft:diamond_block":6,"minecraft:dragon_egg":1,"minecraft:sea_lantern":3,"minecraft:spider_eye":1,"minecraft:dispenser":2,"minecraft:light_blue_terracotta":7,"minecraft:diamond":112,"minecraft:iron_helmet":2,"minecraft:diamond_axe":1,"minecraft:golden_apple":6,"minecraft:emerald":55,"minecraft:jack_o_lantern":11,"minecraft:nether_star":1,"minecraft:ender_pearl":2,"minecraft:diamond_pickaxe":1},"minecraft:broken":{"minecraft:iron_helmet":1}},"DataVersion":3465}