{"stats":{"minecraft:custom":{"minecraft:time_since_rest":5805,"minecraft:crouch_one_cm":3399,"minecraft:walk_one_cm":8311,"minecraft:play_time":6914,"minecraft:sprint_one_cm":15031,"minecraft:damage_taken":268,"minecraft:deaths":1,"minecraft:sneak_time":1526,"minecraft:jump":143,"minecraft:damage_dealt":50,"minecraft:leave_game":1,"minecraft:time_since_death":5773,"minecraft:total_world_time":6914,"minecraft:interact_with_crafting_table":6,"minecraft:player_kills":1,"minecraft:fall_one_cm":8664,"minecraft:fly_one_cm":30575},"minecraft:mined":{"minecraft:coal_ore":30,"minecraft:grass":2,"minecraft:acacia_log":5,"minecraft:oak_log":4,"minecraft:acacia_leaves":2,"minecraft:dirt":1,"minecraft:iron_ore":10,"minecraft:stone":38,"minecraft:crafting_table":2,"minecraft:oak_leaves":2},"minecraft:picked_up":{"minecraft:raw_iron":10,"minecraft:crafting_table":2,"minecraft:acacia_log":5,"minecraft:oak_log":10,"minecraft:coal":30,"minecraft:acacia_sapling":1,"minecraft:dirt":1,"minecraft:cobblestone":38},"minecraft:used":{"minecraft:stone_axe":2,"minecraft:dirt":1,"minecraft:crafting_table":2,"minecraft:stone_pickaxe":72,"minecraft:wooden_pickaxe":7},"minecraft:crafted":{"minecraft:oak_planks":24,"minecraft:acacia_planks":20,"minecraft:stone_axe":1,"minecraft:crafting_table":2,"minecraft:stick":12,"minecraft:stone_pickaxe":1,"minecraft:wooden_pickaxe":1}},"DataVersion":3465}