{"stats":{"minecraft:killed_by":{"minecraft:player":3,"minecraft:creeper":1,"minecraft:guardian":1},"minecraft:used":{"minecraft:enchanting_table":1,"minecraft:light_blue_terracotta":7,"minecraft:ender_pearl":2,"minecraft:ender_chest":1,"lucky:lucky_sword":18,"minecraft:diamond_axe":28,"minecraft:golden_apple":1,"minecraft:dragon_egg":1,"minecraft:sponge":1,"minecraft:obsidian":12,"minecraft:sea_lantern":3,"lucky:lucky_block":23,"minecraft:iron_pickaxe":15,"minecraft:diamond_sword":17,"minecraft:fishing_rod":3,"lucky:lucky_potion":12},"minecraft:crafted":{"minecraft:diamond":27},"minecraft:mined":{"minecraft:lime_glazed_terracotta":2,"minecraft:fire":4,"minecraft:yellow_glazed_terracotta":2,"minecraft:diamond_block":3,"lucky:lucky_block":96,"minecraft:orange_glazed_terracotta":2},"minecraft:killed":{"minecraft:creeper":2,"minecraft:sheep":1,"minecraft:skeleton":2},"minecraft:custom":{"minecraft:mob_kills":7,"minecraft:time_since_death":206,"minecraft:climb_one_cm":269,"minecraft:damage_resisted":525,"minecraft:time_since_rest":235,"minecraft:sprint_one_cm":108759,"minecraft:walk_one_cm":66485,"minecraft:damage_taken":2448,"minecraft:damage_absorbed":80,"minecraft:drop":42,"minecraft:damage_dealt":1981,"minecraft:talked_to_villager":2,"minecraft:fly_one_cm":113307,"minecraft:player_kills":5,"minecraft:open_chest":2,"minecraft:crouch_one_cm":767,"minecraft:play_time":17903,"minecraft:deaths":8,"minecraft:sneak_time":364,"minecraft:jump":492,"minecraft:total_world_time":17903,"minecraft:fall_one_cm":12171},"minecraft:dropped":{"minecraft:enchanted_book":7,"minecraft:anvil":1,"minecraft:iron_sword":3,"minecraft:player_head":2,"minecraft:nether_wart":2,"minecraft:blaze_rod":3,"minecraft:jukebox":1,"minecraft:nether_star":1,"minecraft:prismarine_shard":1,"minecraft:iron_helmet":1,"minecraft:prismarine_crystals":1,"minecraft:iron_boots":1,"minecraft:prismarine":12,"minecraft:blaze_powder":1,"minecraft:music_disc_far":2,"minecraft:tropical_fish":1,"minecraft:rabbit_foot":2,"minecraft:stick":1,"minecraft:gunpowder":2,"minecraft:wooden_hoe":1,"minecraft:iron_chestplate":1,"minecraft:quartz_stairs":1,"minecraft:jack_o_lantern":11,"minecraft:wooden_shovel":2,"minecraft:spider_eye":1,"minecraft:pumpkin":16,"minecraft:magma_cream":2,"minecraft:ghast_tear":2,"minecraft:fishing_rod":1},"minecraft:picked_up":{"minecraft:sponge":1,"minecraft:enchanting_table":1,"minecraft:fishing_rod":2,"minecraft:iron_chestplate":1,"minecraft:splash_potion":1,"minecraft:prismarine_shard":1,"minecraft:magma_cream":2,"minecraft:ender_chest":2,"minecraft:nether_wart":2,"minecraft:anvil":1,"minecraft:diamond_sword":2,"minecraft:enchanted_book":7,"lucky:lucky_block":23,"minecraft:gunpowder":2,"minecraft:wooden_hoe":1,"minecraft:lapis_lazuli":8,"minecraft:string":2,"lucky:lucky_bow":3,"lucky:lucky_potion":23,"minecraft:iron_leggings":1,"minecraft:zombie_head":2,"minecraft:gold_nugget":3,"lucky:lucky_sword":4,"minecraft:iron_ingot":33,"minecraft:music_disc_far":2,"minecraft:rabbit":1,"minecraft:player_head":2,"minecraft:iron_pickaxe":1,"minecraft:wooden_shovel":2,"minecraft:poppy":1,"minecraft:enchanted_golden_apple":4,"minecraft:quartz_stairs":1,"minecraft:prismarine":12,"minecraft:iron_sword":3,"minecraft:spruce_trapdoor":2,"minecraft:iron_boots":1,"minecraft:ghast_tear":2,"minecraft:stick":1,"minecraft:jukebox":1,"minecraft:pumpkin":16,"minecraft:diamond_block":3,"minecraft:sea_lantern":3,"minecraft:prismarine_crystals":1,"minecraft:dragon_egg":1,"minecraft:rabbit_foot":2,"minecraft:spider_eye":1,"minecraft:arrow":3,"minecraft:diamond_chestplate":2,"minecraft:light_blue_terracotta":7,"minecraft:diamond":57,"minecraft:tropical_fish":1,"minecraft:diamond_boots":2,"minecraft:iron_helmet":2,"minecraft:diamond_axe":1,"minecraft:golden_apple":6,"minecraft:gold_ingot":30,"minecraft:emerald":31,"minecraft:jack_o_lantern":11,"minecraft:blaze_rod":3,"minecraft:obsidian":14,"minecraft:blaze_powder":1,"minecraft:nether_star":1,"minecraft:ender_pearl":2}},"DataVersion":3465}