{"stats":{"minecraft:broken":{"minecraft:stone_pickaxe":1},"minecraft:custom":{"minecraft:interact_with_furnace":32,"minecraft:mob_kills":13,"minecraft:interact_with_crafting_table":22,"minecraft:leave_game":1,"minecraft:time_since_death":26,"minecraft:sleep_in_bed":2,"minecraft:time_since_rest":60,"minecraft:sprint_one_cm":106109,"minecraft:damage_taken":1805,"minecraft:walk_one_cm":77793,"minecraft:damage_blocked_by_shield":1575,"minecraft:drop":1,"minecraft:damage_dealt":2273,"minecraft:swim_one_cm":1772,"minecraft:player_kills":1,"minecraft:fly_one_cm":147575,"minecraft:open_chest":6,"minecraft:crouch_one_cm":12905,"minecraft:play_time":50844,"minecraft:deaths":5,"minecraft:sneak_time":5340,"minecraft:walk_under_water_one_cm":12466,"minecraft:jump":1083,"minecraft:walk_on_water_one_cm":8349,"minecraft:total_world_time":50844,"minecraft:fall_one_cm":56162},"minecraft:mined":{"minecraft:acacia_leaves":2,"minecraft:white_bed":3,"minecraft:crafting_table":5,"minecraft:acacia_log":13,"minecraft:grass_block":3,"minecraft:sculk_sensor":1,"minecraft:cobblestone":5,"minecraft:deepslate_gold_ore":3,"minecraft:furnace":1,"minecraft:iron_ore":72,"minecraft:grass":3,"minecraft:pointed_dripstone":3,"minecraft:oak_log":8,"minecraft:coal_ore":54,"minecraft:gravel":3,"minecraft:dirt":2,"minecraft:stone":69,"minecraft:deepslate":1,"minecraft:oak_leaves":2},"minecraft:picked_up":{"minecraft:crafting_table":5,"minecraft:iron_chestplate":2,"minecraft:wooden_pickaxe":1,"minecraft:oak_log":18,"minecraft:shield":1,"minecraft:dirt":6,"minecraft:iron_leggings":2,"minecraft:bone":4,"minecraft:bow":1,"minecraft:cobbled_deepslate":1,"minecraft:raw_gold":3,"minecraft:iron_ingot":19,"minecraft:stone_pickaxe":1,"minecraft:iron_pickaxe":2,"minecraft:acacia_sapling":2,"minecraft:iron_boots":2,"minecraft:furnace":2,"minecraft:stick":2,"minecraft:raw_iron":91,"minecraft:acacia_log":13,"minecraft:gravel":4,"minecraft:pointed_dripstone":3,"minecraft:white_bed":3,"minecraft:arrow":4,"minecraft:rotten_flesh":8,"minecraft:stone_axe":2,"minecraft:iron_helmet":2,"minecraft:black_wool":1,"minecraft:mutton":6,"minecraft:coal":109,"minecraft:white_wool":9,"minecraft:cobblestone":115,"minecraft:ender_pearl":1},"minecraft:killed_by":{"minecraft:skeleton":1},"minecraft:used":{"minecraft:cooked_mutton":4,"minecraft:stone_pickaxe":136,"minecraft:chest":1,"minecraft:wooden_pickaxe":8,"minecraft:shield":22,"minecraft:rotten_flesh":8,"minecraft:iron_chestplate":3,"minecraft:dirt":4,"minecraft:mutton":1,"minecraft:crafting_table":6,"minecraft:white_bed":4,"minecraft:acacia_sapling":1,"minecraft:oak_log":4,"minecraft:iron_pickaxe":65,"minecraft:iron_helmet":1,"minecraft:iron_boots":1,"minecraft:gravel":1,"minecraft:stone_axe":44,"minecraft:cobblestone":54,"minecraft:furnace":3,"minecraft:acacia_planks":4,"minecraft:pointed_dripstone":3,"minecraft:iron_leggings":3},"minecraft:killed":{"minecraft:skeleton":2,"minecraft:sheep":4,"minecraft:zombie":4,"minecraft:enderman":1},"minecraft:dropped":{"minecraft:cooked_mutton":1},"minecraft:crafted":{"minecraft:oak_planks":40,"minecraft:crafting_table":3,"minecraft:wooden_pickaxe":1,"minecraft:iron_helmet":1,"minecraft:furnace":3,"minecraft:stone_axe":1,"minecraft:cooked_mutton":5,"minecraft:air":0,"minecraft:iron_chestplate":2,"minecraft:iron_boots":1,"minecraft:shield":1,"minecraft:stick":12,"minecraft:iron_ingot":46,"minecraft:iron_pickaxe":2,"minecraft:stone_pickaxe":2,"minecraft:chest":1,"minecraft:iron_leggings":2,"minecraft:white_bed":1,"minecraft:acacia_planks":52}},"DataVersion":3465}