{"stats":{"minecraft:killed_by":{"minecraft:player":2},"minecraft:used":{"lucky:lucky_block":16,"minecraft:diamond_axe":27,"lucky:lucky_sword":1,"minecraft:fishing_rod":3,"minecraft:sponge":1,"lucky:lucky_potion":12},"minecraft:mined":{"lucky:lucky_block":40},"minecraft:custom":{"minecraft:time_since_rest":1689,"minecraft:sprint_one_cm":36424,"minecraft:damage_absorbed":80,"minecraft:damage_taken":813,"minecraft:walk_one_cm":23786,"minecraft:drop":10,"minecraft:damage_dealt":504,"minecraft:player_kills":1,"minecraft:fly_one_cm":25076,"minecraft:crouch_one_cm":215,"minecraft:play_time":5903,"minecraft:deaths":3,"minecraft:sneak_time":159,"minecraft:jump":123,"minecraft:damage_resisted":80,"minecraft:time_since_death":1658,"minecraft:climb_one_cm":269,"minecraft:total_world_time":5903,"minecraft:fall_one_cm":1878},"minecraft:dropped":{"minecraft:blaze_rod":3,"minecraft:nether_wart":1,"minecraft:quartz_stairs":1,"minecraft:jack_o_lantern":11,"minecraft:spider_eye":1,"minecraft:pumpkin":16,"minecraft:blaze_powder":1,"minecraft:magma_cream":2,"minecraft:rabbit_foot":2,"minecraft:stick":1},"minecraft:picked_up":{"minecraft:ghast_tear":2,"minecraft:sponge":1,"minecraft:fishing_rod":1,"minecraft:stick":1,"minecraft:iron_chestplate":1,"minecraft:ender_chest":2,"minecraft:magma_cream":2,"minecraft:nether_wart":2,"minecraft:anvil":1,"minecraft:pumpkin":16,"minecraft:enchanted_book":7,"lucky:lucky_block":22,"minecraft:spider_eye":1,"minecraft:lapis_lazuli":8,"minecraft:rabbit_foot":2,"lucky:lucky_bow":1,"lucky:lucky_potion":12,"minecraft:iron_leggings":1,"minecraft:diamond":16,"minecraft:gold_nugget":3,"lucky:lucky_sword":2,"minecraft:iron_helmet":1,"minecraft:iron_ingot":10,"minecraft:diamond_axe":1,"minecraft:golden_apple":2,"minecraft:jack_o_lantern":11,"minecraft:gold_ingot":12,"minecraft:emerald":12,"minecraft:poppy":1,"minecraft:enchanted_golden_apple":2,"minecraft:blaze_rod":3,"minecraft:quartz_stairs":1,"minecraft:obsidian":14,"minecraft:iron_sword":1,"minecraft:blaze_powder":1,"minecraft:iron_boots":1,"minecraft:ender_pearl":2}},"DataVersion":3465}