{"stats":{"minecraft:custom":{"minecraft:time_since_rest":13735,"minecraft:sprint_one_cm":21945,"minecraft:damage_taken":468,"minecraft:walk_one_cm":14859,"minecraft:damage_dealt":50,"minecraft:interact_with_crafting_table":6,"minecraft:fly_one_cm":41053,"minecraft:player_kills":1,"minecraft:crouch_one_cm":5609,"minecraft:play_time":14844,"minecraft:deaths":1,"minecraft:sneak_time":2373,"minecraft:jump":211,"minecraft:leave_game":1,"minecraft:time_since_death":13703,"minecraft:total_world_time":14844,"minecraft:fall_one_cm":11812},"minecraft:mined":{"minecraft:acacia_leaves":2,"minecraft:iron_ore":36,"minecraft:crafting_table":2,"minecraft:grass":2,"minecraft:acacia_log":5,"minecraft:coal_ore":50,"minecraft:oak_log":8,"minecraft:dirt":1,"minecraft:stone":39,"minecraft:oak_leaves":2},"minecraft:picked_up":{"minecraft:crafting_table":2,"minecraft:raw_iron":36,"minecraft:acacia_log":5,"minecraft:oak_log":14,"minecraft:dirt":1,"minecraft:rotten_flesh":1,"minecraft:acacia_sapling":1,"minecraft:coal":50,"minecraft:cobblestone":39},"minecraft:used":{"minecraft:oak_log":4,"minecraft:stone_pickaxe":119,"minecraft:wooden_pickaxe":7,"minecraft:rotten_flesh":1,"minecraft:stone_axe":6,"minecraft:dirt":1,"minecraft:crafting_table":2},"minecraft:crafted":{"minecraft:oak_planks":24,"minecraft:crafting_table":2,"minecraft:stick":12,"minecraft:wooden_pickaxe":1,"minecraft:stone_pickaxe":1,"minecraft:acacia_planks":20,"minecraft:stone_axe":1}},"DataVersion":3465}