{"stats":{"minecraft:broken":{"minecraft:stone_pickaxe":1},"minecraft:custom":{"minecraft:time_since_rest":4703,"minecraft:interact_with_furnace":27,"minecraft:sprint_one_cm":37553,"minecraft:damage_taken":548,"minecraft:walk_one_cm":24320,"minecraft:mob_kills":3,"minecraft:damage_dealt":290,"minecraft:interact_with_crafting_table":13,"minecraft:fly_one_cm":67855,"minecraft:player_kills":1,"minecraft:crouch_one_cm":7905,"minecraft:play_time":26844,"minecraft:deaths":1,"minecraft:sneak_time":3097,"minecraft:jump":382,"minecraft:leave_game":1,"minecraft:time_since_death":25703,"minecraft:sleep_in_bed":1,"minecraft:total_world_time":26844,"minecraft:fall_one_cm":18779},"minecraft:mined":{"minecraft:acacia_leaves":2,"minecraft:white_bed":1,"minecraft:furnace":1,"minecraft:iron_ore":65,"minecraft:crafting_table":4,"minecraft:grass":2,"minecraft:acacia_log":5,"minecraft:grass_block":1,"minecraft:coal_ore":51,"minecraft:oak_log":8,"minecraft:dirt":2,"minecraft:cobblestone":2,"minecraft:stone":48,"minecraft:oak_leaves":2},"minecraft:picked_up":{"minecraft:crafting_table":4,"minecraft:raw_iron":65,"minecraft:acacia_log":5,"minecraft:oak_log":14,"minecraft:white_bed":1,"minecraft:dirt":3,"minecraft:rotten_flesh":1,"minecraft:mutton":5,"minecraft:acacia_sapling":1,"minecraft:coal":62,"minecraft:white_wool":3,"minecraft:cobblestone":50,"minecraft:furnace":1},"minecraft:used":{"minecraft:oak_log":4,"minecraft:cooked_mutton":3,"minecraft:stone_pickaxe":135,"minecraft:iron_pickaxe":25,"minecraft:wooden_pickaxe":8,"minecraft:rotten_flesh":1,"minecraft:iron_chestplate":1,"minecraft:stone_axe":11,"minecraft:dirt":1,"minecraft:cobblestone":16,"minecraft:crafting_table":5,"minecraft:furnace":3,"minecraft:white_bed":1},"minecraft:killed":{"minecraft:sheep":3},"minecraft:crafted":{"minecraft:oak_planks":24,"minecraft:iron_chestplate":1,"minecraft:crafting_table":2,"minecraft:stick":12,"minecraft:iron_pickaxe":1,"minecraft:iron_ingot":30,"minecraft:wooden_pickaxe":1,"minecraft:stone_pickaxe":2,"minecraft:furnace":3,"minecraft:white_bed":1,"minecraft:acacia_planks":20,"minecraft:stone_axe":1,"minecraft:air":0,"minecraft:cooked_mutton":5}},"DataVersion":3465}