{"stats":{"minecraft:killed":{"minecraft:strider":5,"minecraft:shulker":1},"minecraft:picked_up":{"minecraft:lilac":1,"minecraft:chicken":1,"minecraft:anvil":2,"minecraft:porkchop":1,"minecraft:shulker_spawn_egg":1,"minecraft:string":10,"minecraft:white_carpet":3,"minecraft:red_carpet":2,"minecraft:sea_pickle":1,"minecraft:rose_bush":1,"minecraft:shulker_shell":1},"minecraft:custom":{"minecraft:time_since_rest":82444,"minecraft:sprint_one_cm":32240,"minecraft:damage_taken":600,"minecraft:walk_one_cm":69367,"minecraft:mob_kills":6,"minecraft:interact_with_anvil":8,"minecraft:drop":2,"minecraft:damage_dealt":1270,"minecraft:swim_one_cm":3416,"minecraft:fly_one_cm":392220,"minecraft:open_barrel":2,"minecraft:crouch_one_cm":20680,"minecraft:play_one_minute":91694,"minecraft:deaths":2,"minecraft:sneak_time":8797,"minecraft:walk_under_water_one_cm":22842,"minecraft:jump":284,"minecraft:leave_game":1,"minecraft:time_since_death":82420,"minecraft:walk_on_water_one_cm":15404},"minecraft:dropped":{"minecraft:shulker_spawn_egg":1,"minecraft:red_sand":1},"minecraft:used":{"minecraft:brain_coral_block":14,"minecraft:tube_coral_fan":8,"minecraft:water_bucket":1,"minecraft:jungle_leaves":54,"minecraft:damaged_anvil":1,"minecraft:red_sand":9,"minecraft:tube_coral_block":10,"minecraft:snow_block":10,"minecraft:red_concrete":57,"minecraft:dispenser":2,"minecraft:pig_spawn_egg":1,"minecraft:jungle_log":6,"minecraft:stone":1,"minecraft:brown_concrete":2,"minecraft:bubble_coral":7,"minecraft:barrel":6,"minecraft:yellow_wool":2,"minecraft:tube_coral":9,"minecraft:brain_coral":9,"minecraft:fire_coral_block":15,"minecraft:sand":9,"minecraft:anvil":5,"minecraft:white_carpet":2,"minecraft:light_blue_concrete":94,"minecraft:strider_spawn_egg":6,"minecraft:bubble_coral_block":6,"minecraft:smooth_red_sandstone":2,"minecraft:birch_log":2,"minecraft:yellow_concrete":1,"minecraft:blue_ice":6,"minecraft:ice":4,"minecraft:sea_pickle":14,"minecraft:fire_coral":3,"minecraft:shulker_spawn_egg":1,"minecraft:white_concrete":84,"minecraft:fire_coral_fan":7,"minecraft:zombified_piglin_spawn_egg":4,"minecraft:spruce_fence":7,"minecraft:blue_concrete":1}},"DataVersion":2586}