{"stats":{"minecraft:killed":{"minecraft:rabbit":1,"minecraft:strider":1},"minecraft:picked_up":{"minecraft:azure_bluet":2,"minecraft:cornflower":5,"minecraft:string":2,"minecraft:oak_sign":4,"minecraft:sea_pickle":3,"minecraft:wheat_seeds":5,"minecraft:white_tulip":3,"minecraft:rose_bush":1,"minecraft:poppy":1,"minecraft:rabbit":1,"minecraft:egg":1,"minecraft:dandelion":2,"minecraft:stone_button":2,"minecraft:redstone":1,"minecraft:black_concrete_powder":3,"minecraft:yellow_carpet":1,"minecraft:tropical_fish":2},"minecraft:used":{"minecraft:brain_coral_block":3,"minecraft:oak_fence":53,"minecraft:peony":13,"minecraft:quartz_bricks":116,"minecraft:petrified_oak_slab":63,"minecraft:water_bucket":78,"minecraft:jungle_leaves":12,"minecraft:rose_bush":17,"minecraft:red_sand":36,"minecraft:pink_tulip":9,"minecraft:tube_coral_block":6,"minecraft:white_tulip":25,"minecraft:snow_block":92,"minecraft:orange_concrete":134,"minecraft:dead_bush":28,"minecraft:carved_pumpkin":27,"minecraft:polished_andesite":9,"minecraft:redstone":8,"minecraft:oak_planks":82,"minecraft:lime_wool":20,"minecraft:poppy":1,"minecraft:oak_sign":14,"minecraft:blue_wool":26,"minecraft:orange_tulip":16,"minecraft:sandstone":56,"minecraft:stone":167,"minecraft:iron_sword":1,"minecraft:composter":1,"minecraft:bubble_coral":3,"minecraft:grass":57,"minecraft:player_head":7,"minecraft:green_terracotta":14,"minecraft:tube_coral":2,"minecraft:oak_leaves":63,"minecraft:bee_spawn_egg":2,"minecraft:white_wool":58,"minecraft:brain_coral":1,"minecraft:jungle_wood":15,"minecraft:dirt":81,"minecraft:mossy_cobblestone":44,"minecraft:diamond_block":1,"minecraft:lime_terracotta":7,"minecraft:sand":541,"minecraft:rail":22,"minecraft:white_carpet":6,"minecraft:crafting_table":8,"minecraft:yellow_carpet":1,"minecraft:allium":7,"minecraft:spruce_stairs":9,"minecraft:birch_sign":12,"minecraft:chiseled_quartz_block":264,"minecraft:blue_ice":26,"minecraft:campfire":1,"minecraft:bee_nest":2,"minecraft:fire_coral":2,"minecraft:black_concrete_powder":2,"minecraft:cyan_wool":20,"minecraft:spruce_fence":90,"minecraft:granite":23,"minecraft:azure_bluet":18,"minecraft:spruce_log":253,"minecraft:oak_log":97,"minecraft:crimson_button":1,"minecraft:red_sandstone":3,"minecraft:lever":1,"minecraft:black_wool":508,"minecraft:cornflower":15,"minecraft:oxeye_daisy":16,"minecraft:red_tulip":8,"minecraft:command_block":23,"minecraft:dark_oak_log":196,"minecraft:red_wool":19,"minecraft:sunflower":10,"lucky:lucky_block":127,"minecraft:lantern":5,"minecraft:grass_block":393,"minecraft:blue_orchid":11,"minecraft:string":1,"minecraft:brown_wool":20,"minecraft:jungle_log":8,"minecraft:stone_button":10,"minecraft:quartz_block":198,"minecraft:red_terracotta":36,"minecraft:dark_oak_slab":129,"minecraft:smooth_quartz":299,"minecraft:spruce_sapling":4,"minecraft:lilac":12,"minecraft:barrel":1,"minecraft:blue_banner":6,"minecraft:yellow_wool":57,"minecraft:repeater":3,"minecraft:bedrock":1078,"minecraft:diamond_sword":4,"minecraft:cobblestone":75,"minecraft:red_carpet":5,"minecraft:fire_coral_block":6,"minecraft:snow":531,"minecraft:magenta_wool":22,"minecraft:tall_grass":4,"minecraft:oak_sapling":1,"minecraft:jungle_button":3,"minecraft:white_banner":1,"minecraft:furnace":8,"minecraft:dark_oak_fence":91,"minecraft:podzol":114,"minecraft:chain_command_block":36,"minecraft:gold_block":42,"minecraft:ice":62,"minecraft:tropical_fish_bucket":3,"minecraft:coarse_dirt":66,"minecraft:dandelion":2,"minecraft:gray_wool":20,"minecraft:pumpkin":6,"minecraft:orange_terracotta":35,"minecraft:purple_wool":23,"minecraft:bone_meal":136,"minecraft:brown_concrete_powder":54},"minecraft:custom":{"minecraft:mob_kills":8,"minecraft:leave_game":21,"minecraft:time_since_death":352314,"minecraft:climb_one_cm":119,"minecraft:time_since_rest":352334,"minecraft:sprint_one_cm":95957,"minecraft:damage_taken":280,"minecraft:walk_one_cm":457506,"minecraft:drop":38,"minecraft:damage_dealt":389,"minecraft:swim_one_cm":3344,"minecraft:fly_one_cm":4976514,"minecraft:crouch_one_cm":10560,"minecraft:play_time":352449,"minecraft:deaths":1,"minecraft:sneak_time":9506,"minecraft:walk_under_water_one_cm":26711,"minecraft:jump":1342,"minecraft:walk_on_water_one_cm":21075,"minecraft:total_world_time":947},"minecraft:dropped":{"minecraft:player_head":4,"minecraft:oak_log":1,"minecraft:mossy_cobblestone":1,"lucky:lucky_block":64,"minecraft:lime_wool":64,"minecraft:orange_concrete":1,"minecraft:tall_grass":1,"minecraft:command_block":1,"minecraft:quartz_bricks":1,"minecraft:bedrock":2,"minecraft:oak_sign":1,"minecraft:dirt":1,"minecraft:brown_concrete_powder":1,"minecraft:cyan_wool":1,"minecraft:stone":1,"minecraft:black_concrete_powder":4,"minecraft:smooth_quartz":2,"minecraft:blue_banner":2,"minecraft:brown_wool":1,"minecraft:birch_sign":4,"minecraft:sandstone":1,"minecraft:sand":1,"minecraft:purple_wool":1,"minecraft:chain_command_block":3}},"DataVersion":3465}