{"stats":{"minecraft:picked_up":{"minecraft:iron_chestplate":1,"minecraft:cooked_porkchop":1,"minecraft:golden_carrot":2,"minecraft:rabbit_stew":1,"minecraft:potato":3,"minecraft:cooked_rabbit":1,"minecraft:mushroom_stew":3,"minecraft:cookie":1,"minecraft:carrot":2,"minecraft:dirt":3,"minecraft:cooked_salmon":1,"minecraft:iron_leggings":1,"minecraft:oak_sign":1,"minecraft:pumpkin_pie":1,"minecraft:iron_helmet":1,"minecraft:beef":1,"minecraft:cooked_chicken":2,"minecraft:gray_wool":1,"minecraft:bread":1,"minecraft:iron_sword":1,"minecraft:rabbit":1,"minecraft:enchanted_golden_apple":1,"minecraft:mutton":4,"minecraft:snowball":25,"minecraft:white_wool":2,"minecraft:iron_boots":1},"minecraft:killed":{"minecraft:sheep":3,"minecraft:chicken":1,"minecraft:rabbit":1,"minecraft:snow_golem":3},"minecraft:custom":{"minecraft:time_since_rest":59738,"minecraft:walk_one_cm":161816,"minecraft:sprint_one_cm":216937,"minecraft:damage_taken":560,"minecraft:mob_kills":10,"minecraft:drop":6,"minecraft:damage_dealt":459,"minecraft:play_record":1,"minecraft:swim_one_cm":3632,"minecraft:fly_one_cm":669895,"minecraft:play_one_minute":90030,"minecraft:crouch_one_cm":22817,"minecraft:walk_under_water_one_cm":1636,"minecraft:sneak_time":6432,"minecraft:deaths":3,"minecraft:aviate_one_cm":215093,"minecraft:jump":817,"minecraft:leave_game":2,"minecraft:walk_on_water_one_cm":4381,"minecraft:time_since_death":59717},"minecraft:dropped":{"minecraft:anvil":1,"minecraft:jukebox":1,"minecraft:pufferfish_bucket":1,"minecraft:enchanted_golden_apple":1,"minecraft:music_disc_pigstep":1,"minecraft:bedrock":1},"minecraft:used":{"minecraft:glass":26,"minecraft:water_bucket":13,"minecraft:netherite_sword":7,"minecraft:music_disc_pigstep":1,"minecraft:snow_block":164,"minecraft:carved_pumpkin":3,"minecraft:grass_block":18,"minecraft:barrier":8,"minecraft:oak_sign":4,"minecraft:black_carpet":4,"minecraft:chest":5,"minecraft:dark_oak_slab":41,"minecraft:stone":107,"minecraft:spruce_sapling":1,"minecraft:parrot_spawn_egg":1,"minecraft:pink_wool":32,"minecraft:cat_spawn_egg":1,"minecraft:bedrock":8,"minecraft:spruce_leaves":51,"minecraft:white_wool":1,"minecraft:orange_carpet":3,"minecraft:diamond_sword":1,"minecraft:diamond_block":1,"minecraft:red_carpet":3,"minecraft:sand":5,"minecraft:snow":112,"minecraft:pufferfish_bucket":1,"minecraft:wolf_spawn_egg":1,"minecraft:cod_bucket":1,"minecraft:birch_log":3,"minecraft:ice":7,"minecraft:blue_ice":175,"minecraft:salmon_bucket":2,"minecraft:tropical_fish_bucket":3,"lucky:lucky_potion":8,"minecraft:snowball":327,"minecraft:bone_meal":5,"minecraft:spruce_log":21,"minecraft:enchanted_golden_apple":1,"minecraft:jukebox":1}},"DataVersion":2586}