{"stats":{"minecraft:mined":{"minecraft:grass_block":409,"minecraft:dirt":3},"minecraft:picked_up":{"minecraft:turtle_helmet":1,"minecraft:music_disc_pigstep":1,"minecraft:dead_bush":1,"minecraft:dirt":315,"minecraft:pufferfish":1,"minecraft:red_carpet":1,"minecraft:red_sand":1,"minecraft:rabbit_hide":1},"minecraft:custom":{"minecraft:time_since_rest":43993,"minecraft:sprint_one_cm":67845,"minecraft:damage_taken":280,"minecraft:walk_one_cm":73462,"minecraft:interact_with_anvil":4,"minecraft:drop":1,"minecraft:play_record":1,"minecraft:fly_one_cm":382284,"minecraft:play_one_minute":58966,"minecraft:crouch_one_cm":3280,"minecraft:deaths":1,"minecraft:sneak_time":2181,"minecraft:jump":473,"minecraft:leave_game":3,"minecraft:walk_on_water_one_cm":2673,"minecraft:time_since_death":43967},"minecraft:dropped":{"minecraft:anvil":1},"minecraft:used":{"minecraft:oak_log":1,"minecraft:red_sand":1,"minecraft:netherite_shovel":412,"minecraft:dark_oak_log":7,"minecraft:music_disc_pigstep":1,"minecraft:dead_bush":8,"minecraft:red_wool":16,"minecraft:carved_pumpkin":1,"minecraft:spruce_wood":31,"minecraft:grass_block":2,"minecraft:pufferfish_spawn_egg":1,"minecraft:string":6,"minecraft:barrier":10,"minecraft:birch_sapling":1,"minecraft:oak_sign":2,"minecraft:warped_nylium":1,"minecraft:dark_oak_slab":7,"minecraft:stone":2,"minecraft:spruce_sapling":5,"minecraft:wooden_shovel":1,"minecraft:diamond_block":1,"minecraft:red_carpet":8,"minecraft:dirt":11,"minecraft:anvil":3,"minecraft:snow":9,"minecraft:pufferfish_bucket":1,"minecraft:red_bed":1,"minecraft:podzol":17,"minecraft:birch_log":16,"minecraft:grass_path":4,"minecraft:campfire":4,"minecraft:coarse_dirt":5,"minecraft:spruce_fence":11,"minecraft:jukebox":1,"minecraft:spruce_log":4,"minecraft:bone_meal":12,"minecraft:brown_concrete_powder":81}},"DataVersion":2586}