{"stats":{"minecraft:picked_up":{"minecraft:red_carpet":1,"minecraft:yellow_carpet":1,"minecraft:iron_ingot":12,"minecraft:dark_oak_sign":2,"minecraft:saddle":1,"minecraft:poppy":1,"minecraft:string":37},"minecraft:killed":{"minecraft:iron_golem":3,"minecraft:strider":32},"minecraft:custom":{"minecraft:time_since_rest":18629,"minecraft:play_one_minute":34250,"minecraft:crouch_one_cm":1071,"minecraft:deaths":1,"minecraft:sprint_one_cm":18663,"minecraft:damage_taken":280,"minecraft:walk_one_cm":60980,"minecraft:sneak_time":660,"minecraft:mob_kills":53,"minecraft:drop":2,"minecraft:jump":437,"minecraft:damage_dealt":11684,"minecraft:leave_game":1,"minecraft:time_since_death":18595,"minecraft:walk_on_water_one_cm":878,"minecraft:fly_one_cm":139393},"minecraft:dropped":{"minecraft:shield":1,"minecraft:red_carpet":1},"minecraft:used":{"minecraft:bow":1,"minecraft:wooden_sword":188,"minecraft:netherite_sword":29,"minecraft:jungle_leaves":16,"minecraft:red_carpet":7,"minecraft:dirt":3,"minecraft:sand":63,"minecraft:white_carpet":5,"minecraft:strider_spawn_egg":30,"minecraft:carved_pumpkin":4,"lucky:lucky_block":3,"minecraft:iron_block":17,"minecraft:grass_block":4,"minecraft:dark_oak_fence":3,"minecraft:dark_oak_sign":4,"minecraft:string":9,"minecraft:red_banner":3,"minecraft:dark_oak_slab":13,"minecraft:tropical_fish_bucket":6,"minecraft:bone_meal":1,"minecraft:sheep_spawn_egg":1}},"DataVersion":2586}