{"stats":{"minecraft:picked_up":{"minecraft:lilac":1,"minecraft:crimson_button":1,"minecraft:dirt":83,"minecraft:black_concrete_powder":1,"minecraft:yellow_carpet":5,"minecraft:white_carpet":1,"minecraft:pufferfish":1,"minecraft:pufferfish_bucket":1,"minecraft:white_wool":1},"minecraft:killed":{"minecraft:sheep":1,"minecraft:pufferfish":1},"minecraft:custom":{"minecraft:time_since_rest":115952,"minecraft:sprint_one_cm":45029,"minecraft:walk_one_cm":221263,"minecraft:interact_with_anvil":1,"minecraft:mob_kills":2,"minecraft:drop":5,"minecraft:damage_dealt":130,"minecraft:fly_one_cm":441893,"minecraft:open_barrel":5,"minecraft:crouch_one_cm":5453,"minecraft:play_one_minute":115952,"minecraft:sneak_time":5233,"minecraft:walk_under_water_one_cm":1185,"minecraft:jump":562,"minecraft:leave_game":1,"minecraft:walk_on_water_one_cm":3954,"minecraft:time_since_death":115952},"minecraft:dropped":{"minecraft:turtle_helmet":1,"minecraft:ice":1,"minecraft:dead_bush":1,"minecraft:yellow_carpet":2},"minecraft:used":{"minecraft:crimson_button":2,"minecraft:lever":1,"minecraft:green_concrete":5,"minecraft:jungle_leaves":213,"minecraft:dead_bush":11,"minecraft:orange_concrete":324,"minecraft:dark_oak_log":7,"minecraft:snow_block":2,"lucky:lucky_block":1,"minecraft:carved_pumpkin":14,"minecraft:lantern":6,"minecraft:grass_block":9,"minecraft:pufferfish_spawn_egg":1,"minecraft:string":20,"minecraft:netherite_axe":1,"minecraft:oak_sign":1,"minecraft:green_wool":12,"minecraft:dark_oak_slab":4,"minecraft:stone":9,"minecraft:spruce_sapling":2,"minecraft:yellow_wool":1,"minecraft:green_terracotta":13,"minecraft:bedrock":2,"minecraft:white_wool":2,"minecraft:jungle_wood":196,"minecraft:hay_block":5,"minecraft:cocoa_beans":17,"minecraft:sand":1,"minecraft:dirt":64,"minecraft:anvil":1,"minecraft:snow":24,"minecraft:vine":12,"minecraft:pufferfish_bucket":2,"minecraft:white_carpet":9,"minecraft:dark_oak_fence":6,"minecraft:podzol":156,"minecraft:birch_log":8,"minecraft:grass_path":10,"minecraft:yellow_carpet":21,"minecraft:kelp":5,"minecraft:black_concrete_powder":228,"minecraft:acacia_button":3,"minecraft:granite":8,"minecraft:coarse_dirt":2,"minecraft:dragon_head":2,"minecraft:spruce_fence":4,"minecraft:pumpkin":31,"minecraft:orange_terracotta":33,"minecraft:brown_mushroom_block":6,"minecraft:bone_meal":40,"minecraft:brown_concrete_powder":267}},"DataVersion":2586}