{"stats":{"minecraft:killed_by":{"minecraft:zombie":2},"minecraft:used":{"minecraft:lever":1,"minecraft:diamond_sword":1,"minecraft:bookshelf":6,"minecraft:oak_planks":3,"lucky:lucky_sword":13},"minecraft:crafted":{"minecraft:diamond_sword":1,"minecraft:splash_potion":1},"minecraft:mined":{"lucky:lucky_block":24},"minecraft:custom":{"minecraft:open_chest":3,"minecraft:time_since_rest":1408,"minecraft:crouch_one_cm":124,"minecraft:play_time":5630,"minecraft:sprint_one_cm":29099,"minecraft:walk_one_cm":17911,"minecraft:damage_taken":1262,"minecraft:deaths":3,"minecraft:sneak_time":154,"minecraft:drop":5,"minecraft:jump":127,"minecraft:damage_dealt":246,"minecraft:time_since_death":1378,"minecraft:traded_with_villager":2,"minecraft:total_world_time":5630,"minecraft:climb_one_cm":251,"minecraft:talked_to_villager":1,"minecraft:fall_one_cm":1231,"minecraft:fly_one_cm":32362,"minecraft:player_kills":1},"minecraft:dropped":{"minecraft:book":16,"minecraft:gold_nugget":2,"minecraft:painting":4,"lucky:lucky_sword":1},"minecraft:picked_up":{"minecraft:book":16,"minecraft:arrow":27,"minecraft:diamond":41,"minecraft:bow":2,"minecraft:lever":1,"lucky:lucky_sword":2,"minecraft:iron_ingot":23,"minecraft:crossbow":1,"minecraft:painting":4,"minecraft:bookshelf":6,"minecraft:gold_ingot":46,"minecraft:emerald":51,"minecraft:lapis_lazuli":23,"lucky:lucky_bow":1}},"DataVersion":3465}