{"stats":{"minecraft:killed_by":{"minecraft:player":5,"minecraft:skeleton":1,"minecraft:creeper":5,"minecraft:witch":1,"minecraft:zombie":3},"minecraft:used":{"minecraft:lever":1,"minecraft:bookshelf":6,"minecraft:oak_planks":16,"lucky:lucky_sword":33,"minecraft:dragon_egg":1,"minecraft:diamond_sword":22,"minecraft:golden_carrot":2,"minecraft:bow":32,"minecraft:crossbow":11,"minecraft:splash_potion":1},"minecraft:crafted":{"minecraft:diamond_sword":1,"minecraft:splash_potion":1},"minecraft:mined":{"lucky:lucky_block":42},"minecraft:killed":{"minecraft:skeleton":1,"minecraft:wolf":3,"minecraft:cave_spider":1,"minecraft:zombie":2,"minecraft:witch":1,"minecraft:chicken":1,"minecraft:spider":1,"minecraft:creeper":1},"minecraft:custom":{"minecraft:time_since_rest":110,"minecraft:sprint_one_cm":75253,"minecraft:damage_taken":5137,"minecraft:walk_one_cm":49241,"minecraft:interact_with_anvil":1,"minecraft:mob_kills":18,"minecraft:drop":7,"minecraft:damage_dealt":1467,"minecraft:traded_with_villager":2,"minecraft:talked_to_villager":2,"minecraft:fly_one_cm":114489,"minecraft:player_kills":4,"minecraft:open_chest":8,"minecraft:crouch_one_cm":124,"minecraft:play_time":17630,"minecraft:deaths":16,"minecraft:sneak_time":160,"minecraft:interact_with_grindstone":1,"minecraft:jump":529,"minecraft:time_since_death":82,"minecraft:climb_one_cm":251,"minecraft:total_world_time":17630,"minecraft:fall_one_cm":10368},"minecraft:dropped":{"minecraft:book":16,"minecraft:gold_nugget":2,"minecraft:painting":4,"lucky:lucky_sword":1,"minecraft:carrot":13,"minecraft:bone":1},"minecraft:picked_up":{"minecraft:book":16,"minecraft:crafting_table":1,"minecraft:iron_chestplate":1,"minecraft:leather_chestplate":1,"minecraft:golden_carrot":8,"minecraft:leather_leggings":1,"minecraft:diamond_sword":3,"minecraft:gunpowder":2,"minecraft:carrot":13,"minecraft:dragon_egg":1,"minecraft:spider_eye":1,"minecraft:string":2,"minecraft:lapis_lazuli":23,"minecraft:leather_helmet":1,"lucky:lucky_bow":1,"minecraft:leather_boots":2,"minecraft:quartz_block":21,"minecraft:arrow":29,"minecraft:bone":2,"minecraft:rotten_flesh":9,"minecraft:light_blue_terracotta":8,"minecraft:diamond":41,"minecraft:bow":2,"minecraft:lever":1,"lucky:lucky_sword":2,"minecraft:black_banner":1,"minecraft:diamond_boots":1,"minecraft:hay_block":8,"minecraft:crossbow":1,"minecraft:iron_ingot":23,"minecraft:painting":4,"minecraft:yellow_terracotta":9,"minecraft:bookshelf":6,"minecraft:gold_ingot":46,"minecraft:emerald":51,"minecraft:iron_boots":2},"minecraft:broken":{"minecraft:leather_helmet":1,"minecraft:leather_leggings":1}},"DataVersion":3465}