{"stats":{"minecraft:custom":{"minecraft:time_since_rest":1545,"minecraft:interact_with_furnace":10,"minecraft:sprint_one_cm":18164,"minecraft:damage_taken":225,"minecraft:walk_one_cm":31017,"minecraft:swim_one_cm":1212,"minecraft:interact_with_crafting_table":8,"minecraft:fly_one_cm":17042,"minecraft:open_chest":1,"minecraft:crouch_one_cm":2278,"minecraft:play_time":12918,"minecraft:sneak_time":878,"minecraft:walk_under_water_one_cm":585,"minecraft:jump":170,"minecraft:leave_game":1,"minecraft:time_since_death":12918,"minecraft:walk_on_water_one_cm":1533,"minecraft:sleep_in_bed":1,"minecraft:total_world_time":12918,"minecraft:fall_one_cm":4231},"minecraft:mined":{"minecraft:acacia_leaves":1,"minecraft:white_bed":1,"minecraft:iron_ore":14,"minecraft:crafting_table":2,"minecraft:acacia_log":6,"minecraft:grass_block":3,"minecraft:coal_ore":26,"minecraft:gravel":9,"minecraft:cobblestone":1,"minecraft:stone":70},"minecraft:picked_up":{"minecraft:crafting_table":2,"minecraft:raw_iron":14,"minecraft:acacia_log":6,"minecraft:gravel":9,"minecraft:white_bed":1,"minecraft:dirt":19,"minecraft:coal":26,"minecraft:cobblestone":71},"minecraft:used":{"minecraft:stone_shovel":8,"minecraft:stone_pickaxe":94,"minecraft:wooden_pickaxe":17,"minecraft:gravel":9,"minecraft:iron_chestplate":1,"minecraft:stone_axe":2,"minecraft:torch":6,"minecraft:dirt":19,"minecraft:cobblestone":41,"minecraft:crafting_table":3,"minecraft:furnace":1,"minecraft:white_bed":1,"minecraft:acacia_planks":6},"minecraft:crafted":{"minecraft:stone_shovel":1,"minecraft:iron_chestplate":1,"minecraft:crafting_table":1,"minecraft:stick":16,"minecraft:iron_ingot":8,"minecraft:wooden_pickaxe":1,"minecraft:stone_pickaxe":1,"minecraft:stone_sword":1,"minecraft:furnace":1,"minecraft:white_bed":1,"minecraft:acacia_planks":24,"minecraft:torch":28,"minecraft:stone_axe":1,"minecraft:air":0}},"DataVersion":3465}