{"stats":{"minecraft:killed_by":{"minecraft:player":1,"minecraft:creeper":1,"minecraft:magma_cube":3},"minecraft:used":{"minecraft:jack_o_lantern":3,"minecraft:redstone":7,"minecraft:quartz_stairs":2,"lucky:lucky_sword":21,"minecraft:player_head":2,"minecraft:yellow_terracotta":17,"minecraft:tnt":14,"minecraft:sponge":1,"minecraft:lever":1,"minecraft:heavy_weighted_pressure_plate":1,"minecraft:oak_button":2,"minecraft:map":1,"minecraft:spruce_trapdoor":1,"minecraft:music_disc_blocks":1,"minecraft:pumpkin":15,"minecraft:jukebox":1,"minecraft:chainmail_leggings":1},"minecraft:killed":{"minecraft:sheep":2},"minecraft:mined":{"minecraft:player_wall_head":1,"minecraft:glass":1,"minecraft:fire":4,"minecraft:oak_sign":1,"lucky:lucky_block":38},"minecraft:custom":{"minecraft:mob_kills":3,"minecraft:play_record":1,"minecraft:leave_game":1,"minecraft:time_since_death":1391,"minecraft:climb_one_cm":4444,"minecraft:time_since_rest":1420,"minecraft:sprint_one_cm":59367,"minecraft:damage_taken":4165,"minecraft:walk_one_cm":24452,"minecraft:drop":20,"minecraft:damage_dealt":189,"minecraft:swim_one_cm":454,"minecraft:fly_one_cm":63269,"minecraft:open_chest":2,"minecraft:crouch_one_cm":1989,"minecraft:play_time":12367,"minecraft:deaths":9,"minecraft:sneak_time":945,"minecraft:walk_under_water_one_cm":267,"minecraft:jump":230,"minecraft:walk_on_water_one_cm":804,"minecraft:total_world_time":12367,"minecraft:fall_one_cm":5787},"minecraft:dropped":{"minecraft:piston":4,"minecraft:lever":1,"minecraft:oak_trapdoor":2,"minecraft:oak_pressure_plate":2,"minecraft:sticky_piston":8,"minecraft:feather":1,"minecraft:rotten_flesh":1,"minecraft:saddle":2,"minecraft:light_weighted_pressure_plate":1,"minecraft:iron_trapdoor":2,"minecraft:stone_button":2,"minecraft:heavy_weighted_pressure_plate":1,"minecraft:repeater":8,"minecraft:quartz_stairs":2,"minecraft:iron_door":1,"minecraft:stone_pressure_plate":2,"minecraft:arrow":5},"minecraft:picked_up":{"minecraft:sponge":1,"minecraft:feather":1,"minecraft:repeater":8,"minecraft:iron_trapdoor":2,"minecraft:iron_door":1,"minecraft:tripwire_hook":2,"minecraft:redstone_lamp":4,"minecraft:beacon":1,"minecraft:enchanted_book":1,"minecraft:chainmail_chestplate":1,"minecraft:heavy_weighted_pressure_plate":2,"minecraft:lapis_lazuli":13,"minecraft:oak_trapdoor":2,"minecraft:sticky_piston":8,"minecraft:oak_sign":1,"minecraft:bow":1,"lucky:lucky_sword":1,"minecraft:comparator":2,"minecraft:light_weighted_pressure_plate":1,"minecraft:iron_ingot":11,"minecraft:oak_fence_gate":1,"minecraft:redstone_torch":8,"minecraft:player_head":2,"minecraft:enchanted_golden_apple":1,"minecraft:quartz_stairs":4,"minecraft:chest":1,"minecraft:spruce_trapdoor":1,"minecraft:piston":4,"minecraft:lime_wool":1,"minecraft:sandstone":16,"minecraft:music_disc_blocks":1,"minecraft:jukebox":1,"minecraft:oak_door":1,"minecraft:pumpkin":15,"minecraft:daylight_detector":1,"minecraft:torch":1,"minecraft:oak_pressure_plate":2,"minecraft:note_block":1,"minecraft:dropper":2,"minecraft:stone_button":2,"minecraft:redstone":39,"minecraft:stone_pressure_plate":2,"minecraft:tnt":14,"minecraft:quartz_block":9,"minecraft:dispenser":2,"minecraft:rotten_flesh":1,"minecraft:slime_ball":4,"minecraft:diamond":34,"minecraft:lever":3,"minecraft:chainmail_leggings":1,"minecraft:hay_block":16,"minecraft:sandstone_stairs":16,"minecraft:painting":4,"minecraft:yellow_terracotta":17,"minecraft:golden_apple":2,"minecraft:saddle":2,"minecraft:gold_ingot":15,"minecraft:emerald":14,"minecraft:oak_button":2,"minecraft:jack_o_lantern":17,"minecraft:hopper":4}},"DataVersion":3465}