{"stats":{"minecraft:killed_by":{"minecraft:player":46,"minecraft:rabbit":1,"minecraft:skeleton":5,"minecraft:creeper":5,"minecraft:guardian":1,"minecraft:witch":1,"minecraft:zombie":4},"minecraft:used":{"minecraft:cooked_mutton":11,"minecraft:oak_planks":16,"lucky:lucky_sword":128,"minecraft:beacon":1,"minecraft:red_glazed_terracotta":1,"minecraft:dragon_egg":1,"minecraft:crafting_table":1,"minecraft:tnt":8,"minecraft:crossbow":15,"minecraft:obsidian":14,"minecraft:lever":1,"minecraft:bookshelf":6,"minecraft:slime_block":1,"minecraft:green_wool":1,"minecraft:red_terracotta":2,"minecraft:pink_wool":1,"minecraft:potion":4,"minecraft:diamond_sword":180,"minecraft:bow":71,"minecraft:golden_carrot":8,"minecraft:egg":1,"minecraft:splash_potion":6},"minecraft:crafted":{"minecraft:diamond_sword":1,"minecraft:crafting_table":1,"minecraft:potion":1,"minecraft:diamond_helmet":1,"minecraft:diamond_leggings":1,"minecraft:splash_potion":2,"minecraft:diamond_chestplate":1},"minecraft:mined":{"minecraft:slime_block":1,"minecraft:fire":1,"lucky:lucky_block":88},"minecraft:custom":{"minecraft:interact_with_anvil":3,"minecraft:mob_kills":74,"minecraft:traded_with_villager":4,"minecraft:interact_with_crafting_table":2,"minecraft:interact_with_grindstone":1,"minecraft:leave_game":4,"minecraft:time_since_death":1173,"minecraft:climb_one_cm":251,"minecraft:time_since_rest":1224,"minecraft:sprint_one_cm":354729,"minecraft:damage_absorbed":40,"minecraft:damage_taken":25270,"minecraft:walk_one_cm":163714,"minecraft:drop":29,"minecraft:damage_dealt":7317,"minecraft:swim_one_cm":706,"minecraft:player_kills":23,"minecraft:fly_one_cm":832780,"minecraft:talked_to_villager":7,"minecraft:open_chest":12,"minecraft:walk_under_water_one_cm":414,"minecraft:crouch_one_cm":804,"minecraft:play_time":75522,"minecraft:deaths":70,"minecraft:sneak_time":338,"minecraft:jump":3337,"minecraft:walk_on_water_one_cm":11582,"minecraft:total_world_time":75522,"minecraft:fall_one_cm":149847},"minecraft:killed":{"minecraft:cat":5,"minecraft:wolf":3,"minecraft:cave_spider":1,"minecraft:pig":1,"minecraft:witch":3,"minecraft:rabbit":3,"minecraft:spider":4,"minecraft:bat":1,"minecraft:zombie_horse":2,"minecraft:creeper":3,"minecraft:sheep":6,"minecraft:skeleton":4,"minecraft:zombie":5,"minecraft:llama":1,"minecraft:chicken":5,"minecraft:skeleton_horse":1,"minecraft:villager":2},"minecraft:dropped":{"minecraft:lapis_lazuli":36,"minecraft:glass_bottle":6,"minecraft:book":16,"minecraft:iron_boots":2,"minecraft:black_banner":1,"minecraft:carrot":13,"minecraft:diamond_sword":1,"minecraft:spruce_trapdoor":1,"minecraft:iron_chestplate":1,"minecraft:quartz_stairs":2,"minecraft:leather_boots":2,"minecraft:diamond_helmet":1,"minecraft:arrow":7,"minecraft:gold_nugget":2,"minecraft:spider_eye":1,"minecraft:painting":4,"minecraft:bow":1,"lucky:lucky_sword":1,"minecraft:splash_potion":1,"minecraft:dandelion":11,"minecraft:bone":1},"minecraft:picked_up":{"minecraft:crafting_table":1,"minecraft:iron_chestplate":1,"minecraft:leather_chestplate":1,"minecraft:splash_potion":5,"minecraft:golden_carrot":8,"minecraft:leather_leggings":1,"minecraft:red_glazed_terracotta":1,"minecraft:diamond_sword":5,"minecraft:beacon":1,"minecraft:pink_wool":1,"minecraft:potion":3,"minecraft:gunpowder":4,"minecraft:lapis_lazuli":36,"minecraft:string":29,"lucky:lucky_bow":1,"minecraft:wooden_sword":1,"minecraft:cooked_mutton":14,"minecraft:leather_boots":2,"minecraft:bone":20,"minecraft:bow":3,"minecraft:diamond_leggings":1,"lucky:lucky_sword":4,"minecraft:rabbit_hide":1,"minecraft:iron_ingot":68,"minecraft:diamond_helmet":2,"minecraft:glass_bottle":2,"minecraft:quartz_stairs":7,"minecraft:spruce_trapdoor":1,"minecraft:iron_boots":3,"minecraft:egg":5,"minecraft:book":16,"minecraft:stick":7,"minecraft:dandelion":11,"minecraft:carrot":13,"minecraft:red_terracotta":2,"minecraft:spider_eye":1,"minecraft:dragon_egg":1,"minecraft:leather_helmet":1,"minecraft:tnt":8,"minecraft:quartz_block":53,"minecraft:arrow":96,"minecraft:rotten_flesh":30,"minecraft:diamond_chestplate":2,"minecraft:light_blue_terracotta":24,"minecraft:diamond":100,"minecraft:slime_block":1,"minecraft:lever":1,"minecraft:green_wool":2,"minecraft:diamond_boots":3,"minecraft:hay_block":8,"minecraft:crossbow":1,"minecraft:painting":4,"minecraft:yellow_terracotta":15,"minecraft:bookshelf":6,"minecraft:emerald":62,"minecraft:gold_ingot":64,"minecraft:black_banner":1,"minecraft:obsidian":14,"minecraft:nether_star":1},"minecraft:broken":{"minecraft:leather_helmet":1,"minecraft:diamond_boots":3,"minecraft:diamond_chestplate":2,"minecraft:diamond_helmet":1,"minecraft:leather_leggings":1,"minecraft:diamond_leggings":1}},"DataVersion":3465}