{"stats":{"minecraft:killed_by":{"minecraft:player":9,"minecraft:skeleton":2,"minecraft:creeper":5,"minecraft:witch":1,"minecraft:zombie":3},"minecraft:used":{"minecraft:oak_planks":16,"lucky:lucky_sword":55,"minecraft:beacon":1,"minecraft:dragon_egg":1,"minecraft:crossbow":11,"minecraft:lever":1,"minecraft:bookshelf":6,"minecraft:diamond_sword":41,"minecraft:golden_carrot":7,"minecraft:potion":1,"minecraft:bow":39,"minecraft:splash_potion":4},"minecraft:crafted":{"minecraft:diamond_sword":1,"minecraft:splash_potion":1},"minecraft:mined":{"lucky:lucky_block":63},"minecraft:custom":{"minecraft:interact_with_anvil":1,"minecraft:mob_kills":26,"minecraft:traded_with_villager":2,"minecraft:interact_with_grindstone":1,"minecraft:leave_game":2,"minecraft:time_since_death":449,"minecraft:climb_one_cm":251,"minecraft:time_since_rest":478,"minecraft:sprint_one_cm":132513,"minecraft:damage_absorbed":40,"minecraft:damage_taken":7872,"minecraft:walk_one_cm":75132,"minecraft:drop":20,"minecraft:damage_dealt":2454,"minecraft:player_kills":4,"minecraft:talked_to_villager":2,"minecraft:fly_one_cm":266865,"minecraft:open_chest":8,"minecraft:crouch_one_cm":124,"minecraft:play_time":29455,"minecraft:deaths":23,"minecraft:sneak_time":161,"minecraft:jump":999,"minecraft:walk_on_water_one_cm":328,"minecraft:total_world_time":29455,"minecraft:fall_one_cm":53305},"minecraft:killed":{"minecraft:wolf":3,"minecraft:cave_spider":1,"minecraft:witch":1,"minecraft:spider":1,"minecraft:zombie_horse":1,"minecraft:creeper":1,"minecraft:sheep":1,"minecraft:skeleton":3,"minecraft:zombie":3,"minecraft:chicken":1},"minecraft:dropped":{"minecraft:lapis_lazuli":36,"minecraft:glass_bottle":1,"minecraft:book":16,"minecraft:iron_boots":2,"minecraft:black_banner":1,"minecraft:carrot":13,"minecraft:diamond_sword":1,"minecraft:spruce_trapdoor":1,"minecraft:iron_chestplate":1,"minecraft:quartz_stairs":2,"minecraft:leather_boots":2,"minecraft:diamond_helmet":1,"minecraft:gold_nugget":2,"minecraft:spider_eye":1,"minecraft:painting":4,"lucky:lucky_sword":1,"minecraft:bone":1},"minecraft:picked_up":{"minecraft:crafting_table":1,"minecraft:iron_chestplate":1,"minecraft:leather_chestplate":1,"minecraft:splash_potion":3,"minecraft:golden_carrot":8,"minecraft:leather_leggings":1,"minecraft:diamond_sword":5,"minecraft:beacon":1,"minecraft:potion":2,"minecraft:gunpowder":2,"minecraft:lapis_lazuli":36,"minecraft:string":3,"lucky:lucky_bow":1,"minecraft:leather_boots":2,"minecraft:bone":4,"minecraft:bow":2,"minecraft:diamond_leggings":1,"lucky:lucky_sword":2,"minecraft:iron_ingot":35,"minecraft:diamond_helmet":2,"minecraft:quartz_stairs":4,"minecraft:spruce_trapdoor":1,"minecraft:iron_boots":3,"minecraft:book":16,"minecraft:carrot":13,"minecraft:dragon_egg":1,"minecraft:spider_eye":1,"minecraft:leather_helmet":1,"minecraft:quartz_block":34,"minecraft:arrow":29,"minecraft:rotten_flesh":15,"minecraft:diamond_chestplate":2,"minecraft:light_blue_terracotta":8,"minecraft:diamond":69,"minecraft:lever":1,"minecraft:diamond_boots":3,"minecraft:hay_block":8,"minecraft:crossbow":1,"minecraft:painting":4,"minecraft:yellow_terracotta":9,"minecraft:emerald":62,"minecraft:bookshelf":6,"minecraft:gold_ingot":62,"minecraft:black_banner":1},"minecraft:broken":{"minecraft:leather_helmet":1,"minecraft:diamond_helmet":1,"minecraft:leather_leggings":1}},"DataVersion":3465}