{"stats":{"minecraft:custom":{"minecraft:time_since_rest":3556,"minecraft:interact_with_furnace":10,"minecraft:sprint_one_cm":35988,"minecraft:damage_taken":545,"minecraft:walk_one_cm":41505,"minecraft:mob_kills":1,"minecraft:drop":1,"minecraft:damage_dealt":224,"minecraft:swim_one_cm":1212,"minecraft:interact_with_crafting_table":8,"minecraft:fly_one_cm":30880,"minecraft:open_chest":2,"minecraft:crouch_one_cm":3388,"minecraft:play_time":17237,"minecraft:deaths":1,"minecraft:sneak_time":1286,"minecraft:walk_under_water_one_cm":585,"minecraft:jump":271,"minecraft:leave_game":1,"minecraft:time_since_death":3515,"minecraft:walk_on_water_one_cm":1533,"minecraft:sleep_in_bed":1,"minecraft:total_world_time":17237,"minecraft:fall_one_cm":8893},"minecraft:mined":{"minecraft:hay_block":13,"minecraft:acacia_leaves":1,"minecraft:white_bed":1,"minecraft:iron_ore":14,"minecraft:crafting_table":2,"minecraft:acacia_log":6,"minecraft:grass_block":3,"minecraft:coal_ore":26,"minecraft:gravel":9,"minecraft:cobblestone":1,"minecraft:stone":70},"minecraft:picked_up":{"minecraft:iron_chestplate":1,"minecraft:crafting_table":2,"minecraft:raw_iron":14,"minecraft:torch":22,"minecraft:wooden_pickaxe":1,"minecraft:acacia_log":6,"minecraft:gravel":9,"minecraft:white_bed":2,"minecraft:dirt":19,"minecraft:stone_sword":1,"minecraft:apple":2,"minecraft:hay_block":13,"minecraft:iron_ingot":3,"minecraft:iron_helmet":1,"minecraft:stone_pickaxe":1,"minecraft:saddle":1,"minecraft:coal":26,"minecraft:cobblestone":79},"minecraft:killed_by":{"minecraft:witch":1},"minecraft:used":{"minecraft:apple":2,"minecraft:stone_sword":2,"minecraft:stone_pickaxe":94,"minecraft:stone_shovel":8,"minecraft:wooden_pickaxe":17,"minecraft:gravel":9,"minecraft:stone_axe":4,"minecraft:iron_chestplate":2,"minecraft:torch":6,"minecraft:dirt":19,"minecraft:cobblestone":50,"minecraft:crafting_table":3,"minecraft:furnace":1,"minecraft:white_bed":1,"minecraft:acacia_planks":6},"minecraft:dropped":{"minecraft:iron_helmet":1},"minecraft:crafted":{"minecraft:stone_shovel":1,"minecraft:iron_chestplate":1,"minecraft:crafting_table":1,"minecraft:stick":16,"minecraft:wooden_pickaxe":1,"minecraft:iron_ingot":8,"minecraft:stone_pickaxe":1,"minecraft:stone_sword":1,"minecraft:furnace":1,"minecraft:white_bed":1,"minecraft:acacia_planks":24,"minecraft:torch":28,"minecraft:stone_axe":1,"minecraft:air":0}},"DataVersion":3465}