{"stats":{"minecraft:broken":{"minecraft:golden_boots":1,"minecraft:golden_leggings":1},"minecraft:custom":{"minecraft:interact_with_anvil":1,"minecraft:mob_kills":10,"minecraft:traded_with_villager":2,"minecraft:time_since_death":120,"minecraft:climb_one_cm":617,"minecraft:time_since_rest":147,"minecraft:sprint_one_cm":89253,"minecraft:damage_taken":6840,"minecraft:walk_one_cm":63309,"minecraft:drop":36,"minecraft:damage_dealt":1923,"minecraft:talked_to_villager":1,"minecraft:fly_one_cm":93753,"minecraft:player_kills":15,"minecraft:open_chest":4,"minecraft:crouch_one_cm":582,"minecraft:play_time":17846,"minecraft:deaths":20,"minecraft:sneak_time":401,"minecraft:jump":369,"minecraft:walk_on_water_one_cm":196,"minecraft:total_world_time":17846,"minecraft:fall_one_cm":8642},"minecraft:used":{"minecraft:ender_pearl":12,"minecraft:beacon":1,"lucky:lucky_sword":72,"minecraft:dragon_egg":1,"minecraft:diamond_shovel":5,"minecraft:fishing_rod":14,"minecraft:bow":63,"minecraft:cooked_beef":6,"minecraft:splash_potion":2,"minecraft:golden_pickaxe":3},"minecraft:crafted":{"minecraft:bow":1,"minecraft:gold_nugget":9,"minecraft:splash_potion":1},"minecraft:killed_by":{"minecraft:player":15},"minecraft:killed":{"minecraft:wolf":1,"minecraft:bat":3,"minecraft:chicken":4},"minecraft:dropped":{"minecraft:enchanted_book":10,"minecraft:golden_boots":1,"minecraft:golden_helmet":1,"minecraft:nether_wart":2,"minecraft:blaze_rod":1,"minecraft:iron_helmet":1,"minecraft:blaze_powder":2,"minecraft:stick":1,"minecraft:zombie_head":1,"minecraft:gold_nugget":13,"minecraft:spider_eye":1,"minecraft:beef":16,"minecraft:stone_pickaxe":1,"minecraft:glistering_melon_slice":3,"minecraft:ghast_tear":2,"minecraft:fermented_spider_eye":1},"minecraft:picked_up":{"minecraft:wooden_axe":1,"minecraft:fishing_rod":1,"minecraft:nether_wart":2,"minecraft:cooked_beef":6,"minecraft:splash_potion":1,"minecraft:magma_cream":2,"minecraft:creeper_head":1,"minecraft:golden_pickaxe":1,"minecraft:golden_leggings":1,"minecraft:beacon":1,"minecraft:wooden_pickaxe":1,"minecraft:enchanted_book":10,"minecraft:golden_shovel":1,"minecraft:diamond_horse_armor":1,"minecraft:golden_boots":2,"minecraft:golden_sword":1,"minecraft:wooden_hoe":1,"minecraft:lapis_lazuli":26,"minecraft:string":1,"minecraft:wooden_sword":1,"minecraft:leather_boots":1,"minecraft:zombie_head":2,"minecraft:gold_nugget":2,"lucky:lucky_sword":1,"minecraft:beef":16,"minecraft:player_head":2,"minecraft:ender_eye":7,"minecraft:wooden_shovel":1,"minecraft:diamond_helmet":1,"minecraft:quartz_stairs":1,"minecraft:golden_helmet":1,"minecraft:ghast_tear":2,"minecraft:stick":1,"minecraft:golden_axe":1,"minecraft:fermented_spider_eye":1,"minecraft:rabbit_foot":3,"minecraft:dragon_egg":1,"minecraft:spider_eye":1,"minecraft:golden_chestplate":1,"minecraft:diamond_shovel":1,"minecraft:diamond":39,"minecraft:golden_hoe":1,"minecraft:glistering_melon_slice":3,"minecraft:gold_ingot":20,"minecraft:golden_horse_armor":1,"minecraft:emerald":24,"minecraft:blaze_rod":1,"minecraft:blaze_powder":2,"minecraft:ender_pearl":13},"minecraft:mined":{"minecraft:player_wall_head":1,"minecraft:tall_grass":1,"minecraft:fire":1,"minecraft:grass":1,"minecraft:cobweb":3,"lucky:lucky_block":41}},"DataVersion":3465}