{"stats":{"minecraft:killed_by":{"minecraft:player":19,"minecraft:rabbit":1,"minecraft:skeleton":2,"minecraft:creeper":5,"minecraft:witch":1,"minecraft:zombie":3},"minecraft:used":{"minecraft:oak_planks":16,"lucky:lucky_sword":73,"minecraft:beacon":1,"minecraft:red_glazed_terracotta":1,"minecraft:dragon_egg":1,"minecraft:tnt":8,"minecraft:crossbow":11,"minecraft:obsidian":14,"minecraft:lever":1,"minecraft:bookshelf":6,"minecraft:red_terracotta":2,"minecraft:potion":3,"minecraft:diamond_sword":92,"minecraft:bow":47,"minecraft:golden_carrot":8,"minecraft:egg":1,"minecraft:splash_potion":5},"minecraft:crafted":{"minecraft:diamond_sword":1,"minecraft:potion":1,"minecraft:splash_potion":2},"minecraft:mined":{"lucky:lucky_block":78},"minecraft:custom":{"minecraft:interact_with_anvil":1,"minecraft:mob_kills":35,"minecraft:traded_with_villager":4,"minecraft:interact_with_grindstone":1,"minecraft:leave_game":4,"minecraft:time_since_death":435,"minecraft:climb_one_cm":251,"minecraft:time_since_rest":464,"minecraft:sprint_one_cm":185201,"minecraft:damage_absorbed":40,"minecraft:damage_taken":11984,"minecraft:walk_one_cm":97524,"minecraft:drop":25,"minecraft:damage_dealt":3682,"minecraft:player_kills":8,"minecraft:fly_one_cm":381221,"minecraft:talked_to_villager":6,"minecraft:open_chest":12,"minecraft:crouch_one_cm":520,"minecraft:play_time":39522,"minecraft:deaths":35,"minecraft:sneak_time":282,"minecraft:jump":1395,"minecraft:walk_on_water_one_cm":1829,"minecraft:total_world_time":39522,"minecraft:fall_one_cm":84533},"minecraft:killed":{"minecraft:wolf":3,"minecraft:cave_spider":1,"minecraft:witch":3,"minecraft:rabbit":1,"minecraft:spider":1,"minecraft:bat":1,"minecraft:zombie_horse":2,"minecraft:creeper":1,"minecraft:sheep":3,"minecraft:skeleton":3,"minecraft:zombie":3,"minecraft:chicken":1,"minecraft:villager":1},"minecraft:dropped":{"minecraft:lapis_lazuli":36,"minecraft:glass_bottle":4,"minecraft:book":16,"minecraft:iron_boots":2,"minecraft:black_banner":1,"minecraft:carrot":13,"minecraft:diamond_sword":1,"minecraft:spruce_trapdoor":1,"minecraft:iron_chestplate":1,"minecraft:quartz_stairs":2,"minecraft:leather_boots":2,"minecraft:diamond_helmet":1,"minecraft:gold_nugget":2,"minecraft:spider_eye":1,"minecraft:painting":4,"minecraft:bow":1,"lucky:lucky_sword":1,"minecraft:dandelion":11,"minecraft:bone":1},"minecraft:picked_up":{"minecraft:crafting_table":1,"minecraft:iron_chestplate":1,"minecraft:leather_chestplate":1,"minecraft:splash_potion":3,"minecraft:golden_carrot":8,"minecraft:leather_leggings":1,"minecraft:red_glazed_terracotta":1,"minecraft:diamond_sword":5,"minecraft:beacon":1,"minecraft:pink_wool":1,"minecraft:potion":2,"minecraft:gunpowder":2,"minecraft:lapis_lazuli":36,"minecraft:string":4,"lucky:lucky_bow":1,"minecraft:cooked_mutton":4,"minecraft:leather_boots":2,"minecraft:bone":10,"minecraft:bow":3,"minecraft:diamond_leggings":1,"lucky:lucky_sword":4,"minecraft:iron_ingot":68,"minecraft:diamond_helmet":2,"minecraft:glass_bottle":2,"minecraft:quartz_stairs":4,"minecraft:spruce_trapdoor":1,"minecraft:iron_boots":3,"minecraft:egg":1,"minecraft:book":16,"minecraft:stick":7,"minecraft:dandelion":11,"minecraft:carrot":13,"minecraft:red_terracotta":2,"minecraft:spider_eye":1,"minecraft:dragon_egg":1,"minecraft:leather_helmet":1,"minecraft:tnt":8,"minecraft:quartz_block":47,"minecraft:arrow":55,"minecraft:rotten_flesh":15,"minecraft:diamond_chestplate":2,"minecraft:light_blue_terracotta":20,"minecraft:diamond":100,"minecraft:lever":1,"minecraft:diamond_boots":3,"minecraft:hay_block":8,"minecraft:crossbow":1,"minecraft:painting":4,"minecraft:yellow_terracotta":10,"minecraft:bookshelf":6,"minecraft:emerald":62,"minecraft:gold_ingot":64,"minecraft:black_banner":1,"minecraft:obsidian":14},"minecraft:broken":{"minecraft:leather_helmet":1,"minecraft:diamond_helmet":1,"minecraft:leather_leggings":1,"minecraft:diamond_leggings":1}},"DataVersion":3465}