{"stats":{"minecraft:custom":{"minecraft:time_since_rest":2659,"minecraft:crouch_one_cm":333,"minecraft:play_time":2659,"minecraft:sprint_one_cm":2720,"minecraft:damage_taken":20,"minecraft:walk_one_cm":7856,"minecraft:sneak_time":99,"minecraft:jump":23,"minecraft:time_since_death":2659,"minecraft:total_world_time":2659,"minecraft:fall_one_cm":691,"minecraft:interact_with_crafting_table":2,"minecraft:fly_one_cm":5134},"minecraft:mined":{"minecraft:acacia_log":6,"minecraft:acacia_leaves":1,"minecraft:stone":17,"minecraft:crafting_table":1},"minecraft:picked_up":{"minecraft:crafting_table":1,"minecraft:acacia_log":6,"minecraft:cobblestone":17},"minecraft:used":{"minecraft:stone_axe":1,"minecraft:crafting_table":1,"minecraft:wooden_pickaxe":17},"minecraft:crafted":{"minecraft:stone_sword":1,"minecraft:stone_shovel":1,"minecraft:acacia_planks":24,"minecraft:crafting_table":1,"minecraft:stone_axe":1,"minecraft:stick":12,"minecraft:wooden_pickaxe":1,"minecraft:stone_pickaxe":1}},"DataVersion":3465}