{"stats":{"minecraft:custom":{"minecraft:time_since_rest":1320,"minecraft:walk_one_cm":14106,"minecraft:sprint_one_cm":37999,"minecraft:damage_taken":832,"minecraft:drop":34,"minecraft:traded_with_villager":2,"minecraft:talked_to_villager":1,"minecraft:fly_one_cm":28260,"minecraft:open_chest":1,"minecraft:crouch_one_cm":49,"minecraft:play_time":5846,"minecraft:deaths":2,"minecraft:sneak_time":14,"minecraft:jump":101,"minecraft:time_since_death":1288,"minecraft:climb_one_cm":617,"minecraft:total_world_time":5846,"minecraft:fall_one_cm":2324},"minecraft:used":{"minecraft:diamond_shovel":5,"minecraft:beacon":1,"minecraft:dragon_egg":1,"minecraft:cooked_beef":1},"minecraft:crafted":{"minecraft:bow":1,"minecraft:gold_nugget":9,"minecraft:splash_potion":1},"minecraft:dropped":{"minecraft:enchanted_book":9,"minecraft:golden_boots":1,"minecraft:golden_helmet":1,"minecraft:nether_wart":2,"minecraft:blaze_rod":1,"minecraft:zombie_head":1,"minecraft:iron_helmet":1,"minecraft:spider_eye":1,"minecraft:gold_nugget":13,"minecraft:blaze_powder":2,"minecraft:stone_pickaxe":1,"minecraft:glistering_melon_slice":3,"minecraft:fermented_spider_eye":1,"minecraft:ghast_tear":2,"minecraft:stick":1},"minecraft:picked_up":{"minecraft:ghast_tear":2,"minecraft:golden_helmet":1,"minecraft:stick":1,"minecraft:creeper_head":1,"minecraft:cooked_beef":6,"minecraft:splash_potion":1,"minecraft:magma_cream":2,"minecraft:nether_wart":2,"minecraft:golden_leggings":1,"minecraft:beacon":1,"minecraft:enchanted_book":9,"minecraft:golden_boots":2,"minecraft:fermented_spider_eye":1,"minecraft:golden_chestplate":1,"minecraft:lapis_lazuli":21,"minecraft:spider_eye":1,"minecraft:dragon_egg":1,"minecraft:rabbit_foot":3,"minecraft:zombie_head":1,"minecraft:diamond_shovel":1,"minecraft:diamond":37,"minecraft:gold_nugget":2,"lucky:lucky_sword":1,"minecraft:beef":16,"minecraft:golden_horse_armor":1,"minecraft:ender_eye":7,"minecraft:player_head":2,"minecraft:gold_ingot":20,"minecraft:glistering_melon_slice":3,"minecraft:emerald":24,"minecraft:blaze_rod":1,"minecraft:blaze_powder":2,"minecraft:ender_pearl":13},"minecraft:mined":{"minecraft:player_wall_head":1,"minecraft:fire":1,"lucky:lucky_block":33}},"DataVersion":3465}