{"stats":{"minecraft:killed_by":{"minecraft:player":30,"minecraft:rabbit":1,"minecraft:skeleton":3,"minecraft:creeper":5,"minecraft:witch":1,"minecraft:zombie":3},"minecraft:used":{"minecraft:cooked_mutton":3,"minecraft:oak_planks":16,"lucky:lucky_sword":105,"minecraft:beacon":1,"minecraft:red_glazed_terracotta":1,"minecraft:dragon_egg":1,"minecraft:tnt":8,"minecraft:crossbow":12,"minecraft:obsidian":14,"minecraft:lever":1,"minecraft:bookshelf":6,"minecraft:slime_block":1,"minecraft:green_wool":1,"minecraft:red_terracotta":2,"minecraft:pink_wool":1,"minecraft:potion":4,"minecraft:diamond_sword":148,"minecraft:bow":54,"minecraft:golden_carrot":8,"minecraft:egg":1,"minecraft:splash_potion":6},"minecraft:crafted":{"minecraft:diamond_sword":1,"minecraft:potion":1,"minecraft:splash_potion":2},"minecraft:mined":{"minecraft:slime_block":1,"lucky:lucky_block":88},"minecraft:custom":{"minecraft:interact_with_anvil":1,"minecraft:mob_kills":47,"minecraft:traded_with_villager":4,"minecraft:interact_with_grindstone":1,"minecraft:leave_game":4,"minecraft:time_since_death":275,"minecraft:climb_one_cm":251,"minecraft:time_since_rest":311,"minecraft:sprint_one_cm":246465,"minecraft:damage_absorbed":40,"minecraft:damage_taken":17595,"minecraft:walk_one_cm":128179,"minecraft:drop":29,"minecraft:damage_dealt":4882,"minecraft:swim_one_cm":224,"minecraft:player_kills":11,"minecraft:fly_one_cm":509871,"minecraft:talked_to_villager":7,"minecraft:open_chest":12,"minecraft:walk_under_water_one_cm":65,"minecraft:crouch_one_cm":602,"minecraft:play_time":51522,"minecraft:deaths":48,"minecraft:sneak_time":290,"minecraft:jump":1963,"minecraft:walk_on_water_one_cm":1894,"minecraft:total_world_time":51522,"minecraft:fall_one_cm":112263},"minecraft:killed":{"minecraft:cat":5,"minecraft:wolf":3,"minecraft:cave_spider":1,"minecraft:witch":3,"minecraft:rabbit":1,"minecraft:spider":1,"minecraft:bat":1,"minecraft:zombie_horse":2,"minecraft:creeper":1,"minecraft:sheep":3,"minecraft:skeleton":3,"minecraft:zombie":3,"minecraft:chicken":2,"minecraft:villager":2},"minecraft:dropped":{"minecraft:lapis_lazuli":36,"minecraft:glass_bottle":6,"minecraft:book":16,"minecraft:iron_boots":2,"minecraft:black_banner":1,"minecraft:carrot":13,"minecraft:diamond_sword":1,"minecraft:spruce_trapdoor":1,"minecraft:iron_chestplate":1,"minecraft:quartz_stairs":2,"minecraft:leather_boots":2,"minecraft:diamond_helmet":1,"minecraft:arrow":7,"minecraft:gold_nugget":2,"minecraft:spider_eye":1,"minecraft:painting":4,"minecraft:bow":1,"lucky:lucky_sword":1,"minecraft:splash_potion":1,"minecraft:dandelion":11,"minecraft:bone":1},"minecraft:picked_up":{"minecraft:crafting_table":1,"minecraft:iron_chestplate":1,"minecraft:leather_chestplate":1,"minecraft:splash_potion":5,"minecraft:golden_carrot":8,"minecraft:leather_leggings":1,"minecraft:red_glazed_terracotta":1,"minecraft:diamond_sword":5,"minecraft:beacon":1,"minecraft:pink_wool":1,"minecraft:potion":3,"minecraft:gunpowder":2,"minecraft:lapis_lazuli":36,"minecraft:string":9,"lucky:lucky_bow":1,"minecraft:cooked_mutton":6,"minecraft:leather_boots":2,"minecraft:bone":15,"minecraft:bow":3,"minecraft:diamond_leggings":1,"lucky:lucky_sword":4,"minecraft:iron_ingot":68,"minecraft:diamond_helmet":2,"minecraft:glass_bottle":2,"minecraft:quartz_stairs":4,"minecraft:spruce_trapdoor":1,"minecraft:iron_boots":3,"minecraft:egg":1,"minecraft:book":16,"minecraft:stick":7,"minecraft:dandelion":11,"minecraft:carrot":13,"minecraft:red_terracotta":2,"minecraft:spider_eye":1,"minecraft:dragon_egg":1,"minecraft:leather_helmet":1,"minecraft:tnt":8,"minecraft:quartz_block":48,"minecraft:arrow":89,"minecraft:rotten_flesh":17,"minecraft:diamond_chestplate":2,"minecraft:light_blue_terracotta":20,"minecraft:diamond":100,"minecraft:slime_block":1,"minecraft:lever":1,"minecraft:green_wool":1,"minecraft:diamond_boots":3,"minecraft:hay_block":8,"minecraft:crossbow":1,"minecraft:painting":4,"minecraft:yellow_terracotta":10,"minecraft:bookshelf":6,"minecraft:emerald":62,"minecraft:gold_ingot":64,"minecraft:black_banner":1,"minecraft:obsidian":14,"minecraft:nether_star":1},"minecraft:broken":{"minecraft:leather_helmet":1,"minecraft:diamond_boots":2,"minecraft:diamond_helmet":1,"minecraft:leather_leggings":1,"minecraft:diamond_leggings":1}},"DataVersion":3465}