{"stats":{"minecraft:custom":{"minecraft:time_since_rest":4147,"minecraft:sprint_one_cm":29928,"minecraft:damage_taken":340,"minecraft:walk_one_cm":14136,"minecraft:mob_kills":1,"minecraft:damage_dealt":277,"minecraft:interact_with_crafting_table":2,"minecraft:fly_one_cm":52086,"minecraft:open_chest":1,"minecraft:crouch_one_cm":2615,"minecraft:play_time":10213,"minecraft:deaths":1,"minecraft:sneak_time":777,"minecraft:jump":216,"minecraft:leave_game":2,"minecraft:time_since_death":4119,"minecraft:walk_on_water_one_cm":683,"minecraft:total_world_time":10213,"minecraft:fall_one_cm":7871},"minecraft:killed_by":{"minecraft:skeleton":1},"minecraft:used":{"minecraft:apple":1,"minecraft:stone_sword":3,"minecraft:stone_pickaxe":57,"minecraft:wooden_pickaxe":17,"minecraft:torch":14,"minecraft:stone_axe":3,"minecraft:cobblestone":6,"minecraft:crafting_table":2,"minecraft:oak_sapling":4},"minecraft:mined":{"minecraft:iron_ore":20,"minecraft:crafting_table":2,"minecraft:grass":1,"minecraft:oak_log":4,"minecraft:coal_ore":32,"minecraft:dirt":1,"minecraft:tall_grass":2,"minecraft:stone":18,"minecraft:diorite":3,"minecraft:oak_leaves":2},"minecraft:crafted":{"minecraft:oak_planks":16,"minecraft:crafting_table":1,"minecraft:stick":16,"minecraft:wooden_pickaxe":1,"minecraft:stone_pickaxe":1,"minecraft:stone_sword":1,"minecraft:furnace":1,"minecraft:torch":52,"minecraft:stone_axe":1},"minecraft:picked_up":{"minecraft:raw_iron":20,"minecraft:stick":5,"minecraft:crafting_table":3,"minecraft:wooden_pickaxe":1,"minecraft:fire_charge":3,"minecraft:flint":3,"minecraft:oak_log":4,"minecraft:diorite":6,"minecraft:dirt":2,"minecraft:string":1,"minecraft:stone_sword":1,"minecraft:apple":1,"minecraft:stone_axe":1,"minecraft:stone_pickaxe":1,"minecraft:oak_sapling":4,"minecraft:obsidian":3,"minecraft:oak_planks":5,"minecraft:coal":62,"minecraft:cobblestone":23,"minecraft:furnace":1}},"DataVersion":3465}