{"stats":{"minecraft:killed_by":{"minecraft:slime":1},"minecraft:used":{"minecraft:cookie":1,"minecraft:dirt":18,"minecraft:anvil":1,"lucky:lucky_potion":6,"minecraft:beacon":1},"minecraft:mined":{"minecraft:grass_block":23,"minecraft:dirt":1,"minecraft:tall_grass":4,"lucky:lucky_block":7},"minecraft:custom":{"minecraft:time_since_rest":5523,"minecraft:damage_taken":751,"minecraft:damage_absorbed":80,"minecraft:play_time":6521,"minecraft:crouch_one_cm":5057,"minecraft:sprint_one_cm":19362,"minecraft:walk_one_cm":17012,"minecraft:deaths":1,"minecraft:sneak_time":1188,"minecraft:drop":5,"minecraft:jump":137,"minecraft:damage_dealt":387,"minecraft:leave_game":2,"minecraft:time_since_death":5484,"minecraft:total_world_time":6521,"minecraft:fly_one_cm":13120,"minecraft:talked_to_villager":1,"minecraft:fall_one_cm":427,"minecraft:player_kills":1},"minecraft:dropped":{"minecraft:gold_nugget":1,"minecraft:potato":109,"minecraft:poisonous_potato":30},"minecraft:picked_up":{"lucky:lucky_potion":15,"minecraft:anvil":1,"minecraft:sugar":10,"minecraft:beacon":1,"minecraft:poisonous_potato":30,"minecraft:potato":109,"minecraft:enchanted_book":7,"minecraft:potion":1,"minecraft:cookie":20,"minecraft:baked_potato":51,"minecraft:dirt":23}},"DataVersion":3465}