{"stats":{"minecraft:broken":{"minecraft:diamond_boots":1,"minecraft:diamond_chestplate":1,"minecraft:golden_boots":1,"minecraft:golden_leggings":1},"minecraft:custom":{"minecraft:interact_with_anvil":1,"minecraft:mob_kills":28,"minecraft:traded_with_villager":2,"minecraft:leave_game":1,"minecraft:time_since_death":764,"minecraft:climb_one_cm":617,"minecraft:time_since_rest":791,"minecraft:sprint_one_cm":184295,"minecraft:damage_absorbed":80,"minecraft:damage_taken":12191,"minecraft:walk_one_cm":114597,"minecraft:drop":61,"minecraft:damage_dealt":2221,"minecraft:swim_one_cm":494,"minecraft:talked_to_villager":5,"minecraft:fly_one_cm":241933,"minecraft:player_kills":20,"minecraft:open_chest":5,"minecraft:crouch_one_cm":709,"minecraft:play_time":37861,"minecraft:deaths":36,"minecraft:sneak_time":542,"minecraft:walk_under_water_one_cm":378,"minecraft:jump":1001,"minecraft:walk_on_water_one_cm":4572,"minecraft:total_world_time":37861,"minecraft:fall_one_cm":38702,"minecraft:horse_one_cm":14},"minecraft:used":{"minecraft:ender_pearl":13,"minecraft:quartz_stairs":2,"minecraft:beacon":2,"lucky:lucky_sword":83,"minecraft:dragon_egg":2,"minecraft:cake":1,"minecraft:black_wool":2,"minecraft:diamond_shovel":5,"minecraft:spruce_trapdoor":2,"minecraft:fishing_rod":15,"minecraft:bow":144,"lucky:lucky_potion":31,"minecraft:cooked_beef":6,"minecraft:pumpkin":2,"minecraft:gray_wool":1,"minecraft:splash_potion":2,"minecraft:golden_pickaxe":3},"minecraft:crafted":{"minecraft:bow":1,"minecraft:gold_nugget":9,"minecraft:splash_potion":1},"minecraft:killed_by":{"minecraft:player":26,"minecraft:zombie":1},"minecraft:killed":{"minecraft:cat":1,"minecraft:wolf":1,"minecraft:bat":3,"minecraft:creeper":1,"minecraft:sheep":3,"minecraft:zombie":2,"minecraft:chicken":10},"minecraft:dropped":{"minecraft:enchanted_book":12,"minecraft:golden_boots":1,"minecraft:creeper_head":1,"minecraft:lapis_lazuli":26,"minecraft:golden_helmet":1,"minecraft:nether_wart":2,"minecraft:blaze_rod":1,"minecraft:golden_pickaxe":1,"minecraft:glass_bottle":1,"minecraft:lime_terracotta":10,"minecraft:cookie":7,"minecraft:iron_helmet":1,"minecraft:rotten_flesh":6,"minecraft:blaze_powder":2,"minecraft:stick":1,"minecraft:wooden_hoe":1,"minecraft:iron_chestplate":1,"minecraft:wooden_axe":1,"minecraft:wooden_shovel":2,"minecraft:zombie_head":1,"minecraft:potion":1,"minecraft:diamond_boots":1,"minecraft:wooden_sword":1,"minecraft:gold_nugget":13,"minecraft:spider_eye":1,"minecraft:music_disc_wait":1,"minecraft:wooden_pickaxe":1,"minecraft:beef":16,"minecraft:stone_pickaxe":1,"minecraft:sugar":14,"minecraft:glistering_melon_slice":3,"minecraft:string":1,"lucky:lucky_sword":1,"minecraft:ghast_tear":2,"minecraft:fermented_spider_eye":2,"minecraft:black_wool":1},"minecraft:picked_up":{"minecraft:wooden_axe":1,"minecraft:fishing_rod":1,"minecraft:nether_wart":2,"minecraft:cooked_beef":6,"minecraft:splash_potion":1,"minecraft:magma_cream":2,"minecraft:creeper_head":1,"minecraft:golden_pickaxe":1,"minecraft:golden_leggings":1,"minecraft:beacon":2,"minecraft:wooden_pickaxe":1,"minecraft:end_portal_frame":4,"minecraft:potion":1,"minecraft:enchanted_book":12,"minecraft:golden_shovel":1,"minecraft:diamond_horse_armor":1,"minecraft:golden_boots":2,"minecraft:golden_sword":1,"minecraft:wooden_hoe":1,"minecraft:lapis_lazuli":52,"minecraft:string":3,"lucky:lucky_bow":3,"lucky:lucky_potion":37,"minecraft:wooden_sword":2,"minecraft:leather_boots":1,"minecraft:bone":1,"minecraft:zombie_head":2,"minecraft:gold_nugget":2,"lucky:lucky_sword":3,"minecraft:beef":16,"minecraft:player_head":2,"minecraft:ender_eye":12,"minecraft:wooden_shovel":3,"minecraft:glass_bottle":1,"minecraft:diamond_helmet":2,"minecraft:quartz_stairs":2,"minecraft:spruce_trapdoor":2,"minecraft:golden_helmet":1,"minecraft:ghast_tear":2,"minecraft:stick":1,"minecraft:pumpkin":2,"minecraft:lime_terracotta":10,"minecraft:golden_axe":1,"minecraft:cake":1,"minecraft:cookie":7,"minecraft:fermented_spider_eye":2,"minecraft:rabbit_foot":3,"minecraft:dragon_egg":2,"minecraft:spider_eye":1,"minecraft:golden_chestplate":1,"minecraft:arrow":5,"minecraft:quartz_block":18,"minecraft:diamond_chestplate":1,"minecraft:diamond_shovel":1,"minecraft:sugar":16,"minecraft:rotten_flesh":8,"minecraft:diamond":59,"minecraft:golden_hoe":1,"minecraft:diamond_boots":2,"minecraft:gray_wool":1,"minecraft:glistering_melon_slice":3,"minecraft:gold_ingot":20,"minecraft:golden_horse_armor":1,"minecraft:emerald":24,"minecraft:music_disc_wait":1,"minecraft:blaze_rod":1,"minecraft:black_wool":3,"minecraft:mutton":1,"minecraft:blaze_powder":2,"minecraft:ender_pearl":23},"minecraft:mined":{"minecraft:player_wall_head":1,"minecraft:glass":1,"minecraft:tall_grass":1,"minecraft:fire":1,"minecraft:black_wool":1,"minecraft:grass":1,"minecraft:cobweb":3,"lucky:lucky_block":77}},"DataVersion":3465}