{"stats":{"minecraft:killed_by":{"minecraft:player":58,"minecraft:skeleton":8,"minecraft:creeper":3,"minecraft:witch":1,"minecraft:zombie":3},"minecraft:used":{"minecraft:water_bucket":16,"minecraft:ender_pearl":2,"lucky:lucky_sword":94,"minecraft:diamond_axe":47,"minecraft:cooked_chicken":4,"minecraft:golden_apple":11,"minecraft:dragon_egg":1,"minecraft:painting":4,"minecraft:lava_bucket":1,"minecraft:diamond_pickaxe":4,"lucky:lucky_block":1,"minecraft:quartz_block":5,"minecraft:fishing_rod":3,"minecraft:diamond_sword":71,"minecraft:potion":1,"minecraft:bucket":16,"minecraft:hay_block":1,"minecraft:magenta_terracotta":6,"minecraft:cooked_rabbit":1,"lucky:lucky_potion":21,"minecraft:enchanted_golden_apple":4,"minecraft:splash_potion":2,"minecraft:lime_glazed_terracotta":1},"minecraft:crafted":{"minecraft:diamond_axe":1,"minecraft:diamond":9,"minecraft:potion":1,"minecraft:splash_potion":1},"minecraft:mined":{"minecraft:fire":2,"minecraft:diamond_block":1,"lucky:lucky_block":85,"minecraft:chipped_anvil":2},"minecraft:killed":{"minecraft:pig":2,"minecraft:spider":1,"minecraft:bat":1,"minecraft:zombie_horse":1,"minecraft:skeleton":2,"minecraft:zombie":2,"minecraft:chicken":9,"minecraft:ghast":1,"minecraft:skeleton_horse":2},"minecraft:custom":{"minecraft:interact_with_anvil":2,"minecraft:mob_kills":35,"minecraft:traded_with_villager":3,"minecraft:eat_cake_slice":2,"minecraft:leave_game":4,"minecraft:time_since_death":176,"minecraft:damage_resisted":1245,"minecraft:climb_one_cm":1124,"minecraft:time_since_rest":217,"minecraft:sprint_one_cm":399948,"minecraft:damage_absorbed":1355,"minecraft:damage_taken":27886,"minecraft:walk_one_cm":162456,"minecraft:drop":55,"minecraft:damage_dealt":5469,"minecraft:swim_one_cm":666,"minecraft:fly_one_cm":881632,"minecraft:talked_to_villager":5,"minecraft:player_kills":29,"minecraft:open_chest":2,"minecraft:play_time":82218,"minecraft:crouch_one_cm":637,"minecraft:sneak_time":485,"minecraft:deaths":86,"minecraft:walk_under_water_one_cm":1067,"minecraft:jump":3304,"minecraft:walk_on_water_one_cm":9551,"minecraft:total_world_time":82218,"minecraft:fall_one_cm":113738},"minecraft:dropped":{"minecraft:enchanted_book":5,"minecraft:iron_ingot":9,"minecraft:lever":1,"minecraft:lapis_lazuli":14,"minecraft:player_head":1,"minecraft:obsidian":14,"minecraft:iron_helmet":1,"minecraft:black_terracotta":14,"minecraft:prismarine_crystals":1,"minecraft:tropical_fish":12,"minecraft:salmon":8,"minecraft:red_terracotta":1,"minecraft:leather_helmet":1,"minecraft:cod":5,"minecraft:pufferfish":13,"minecraft:poppy":1,"minecraft:leather_chestplate":1,"minecraft:gray_wool":2,"minecraft:milk_bucket":1,"minecraft:sponge":2,"minecraft:spruce_trapdoor":10,"minecraft:dragon_egg":2,"minecraft:diamond_pickaxe":1,"minecraft:quartz_block":2,"minecraft:quartz_stairs":1,"minecraft:rabbit":15,"minecraft:leather_boots":1,"minecraft:jack_o_lantern":32,"minecraft:leather_leggings":1,"minecraft:iron_leggings":1,"minecraft:gold_nugget":1,"minecraft:pumpkin":20,"minecraft:sugar":13,"minecraft:fishing_rod":1,"lucky:lucky_sword":1,"minecraft:cooked_rabbit":4,"minecraft:bucket":2,"minecraft:splash_potion":1},"minecraft:picked_up":{"minecraft:sponge":2,"minecraft:fishing_rod":2,"minecraft:leather_chestplate":2,"minecraft:cooked_beef":1,"minecraft:splash_potion":2,"minecraft:ender_chest":8,"minecraft:salmon":8,"minecraft:water_bucket":1,"minecraft:rabbit_stew":1,"minecraft:leather_leggings":2,"minecraft:diamond_sword":1,"minecraft:cooked_rabbit":7,"minecraft:enchanted_book":9,"lucky:lucky_block":1,"minecraft:lapis_lazuli":14,"minecraft:magenta_terracotta":6,"lucky:lucky_bow":3,"lucky:lucky_potion":25,"minecraft:iron_leggings":1,"minecraft:leather_boots":1,"minecraft:zombie_head":1,"minecraft:pufferfish":13,"minecraft:bone":12,"minecraft:stone_bricks":3,"minecraft:diamond_leggings":1,"minecraft:gold_nugget":1,"lucky:lucky_sword":2,"minecraft:bucket":1,"minecraft:iron_ingot":28,"minecraft:cooked_chicken":7,"minecraft:player_head":1,"minecraft:rabbit":15,"minecraft:poppy":1,"minecraft:diamond_helmet":1,"minecraft:enchanted_golden_apple":4,"minecraft:quartz_stairs":1,"minecraft:spruce_trapdoor":10,"minecraft:lime_glazed_terracotta":1,"minecraft:stick":1,"minecraft:black_terracotta":14,"minecraft:milk_bucket":1,"minecraft:cooked_porkchop":8,"minecraft:pumpkin":20,"minecraft:lava_bucket":1,"minecraft:diamond_block":1,"minecraft:red_terracotta":1,"minecraft:prismarine_crystals":1,"minecraft:dragon_egg":3,"minecraft:leather_helmet":1,"minecraft:quartz_block":38,"minecraft:diamond_shovel":1,"minecraft:arrow":18,"minecraft:rotten_flesh":14,"minecraft:diamond_chestplate":1,"minecraft:sugar":13,"minecraft:light_blue_terracotta":41,"minecraft:diamond":76,"minecraft:tropical_fish":12,"minecraft:pink_glazed_terracotta":1,"minecraft:lever":1,"minecraft:diamond_boots":1,"minecraft:iron_helmet":1,"minecraft:hay_block":1,"minecraft:painting":4,"minecraft:golden_apple":11,"minecraft:birch_sign":3,"minecraft:gray_wool":2,"minecraft:gold_ingot":54,"minecraft:emerald":31,"minecraft:jack_o_lantern":32,"minecraft:obsidian":14,"minecraft:cod":5,"minecraft:ender_pearl":2,"minecraft:diamond_pickaxe":2},"minecraft:broken":{"minecraft:diamond_boots":1,"minecraft:diamond_chestplate":1,"minecraft:diamond_helmet":1,"minecraft:leather_chestplate":1,"minecraft:diamond_leggings":1}},"DataVersion":3465}