{"stats":{"minecraft:custom":{"minecraft:time_since_rest":25701,"minecraft:sprint_one_cm":3910,"minecraft:damage_taken":81,"minecraft:walk_one_cm":17795,"minecraft:mob_kills":6,"minecraft:damage_dealt":10,"minecraft:interact_with_beacon":1,"minecraft:fly_one_cm":125593,"minecraft:open_chest":1,"minecraft:play_time":25701,"minecraft:crouch_one_cm":174,"minecraft:sneak_time":122,"minecraft:jump":63,"minecraft:leave_game":3,"minecraft:time_since_death":25701,"minecraft:total_world_time":25701,"minecraft:fall_one_cm":476},"minecraft:used":{"minecraft:oak_log":1,"lucky:lucky_block":27,"minecraft:nether_quartz_ore":1},"minecraft:killed":{"minecraft:skeleton":1,"minecraft:zombie":1,"minecraft:spider":1,"minecraft:cod":1,"minecraft:skeleton_horse":1,"minecraft:zombie_horse":1},"minecraft:picked_up":{"minecraft:milk_bucket":2,"minecraft:nether_quartz_ore":14,"minecraft:water_bucket":2,"minecraft:salmon":3,"minecraft:oak_fence":1,"minecraft:quartz":30,"minecraft:music_disc_stal":1,"minecraft:lava_bucket":2,"minecraft:dropper":8,"minecraft:oak_log":2,"minecraft:lapis_lazuli":15,"lucky:lucky_bow":2,"minecraft:iron_axe":1,"minecraft:pufferfish":3,"minecraft:iron_hoe":1,"minecraft:quartz_block":11,"minecraft:quartz_slab":7,"minecraft:iron_shovel":1,"minecraft:pumpkin_seeds":5,"minecraft:bone":13,"minecraft:rotten_flesh":7,"minecraft:diamond":37,"minecraft:bucket":2,"minecraft:lever":1,"lucky:lucky_sword":1,"minecraft:chainmail_leggings":1,"minecraft:hay_block":7,"minecraft:iron_ingot":24,"minecraft:emerald":36,"minecraft:saddle":1,"minecraft:gold_ingot":37,"minecraft:chainmail_helmet":1,"minecraft:quartz_stairs":7,"minecraft:cod":3,"minecraft:coal":4,"minecraft:nether_star":1,"minecraft:music_disc_chirp":1},"minecraft:mined":{"minecraft:yellow_wool":1,"minecraft:oak_log":2,"minecraft:sand":1,"lucky:lucky_block":23,"minecraft:oak_leaves":1}},"DataVersion":3465}