{"stats":{"minecraft:broken":{"minecraft:leather_boots":1},"minecraft:custom":{"minecraft:mob_kills":9,"minecraft:play_record":1,"minecraft:time_since_death":819,"minecraft:climb_one_cm":559,"minecraft:time_since_rest":856,"minecraft:sprint_one_cm":110091,"minecraft:damage_taken":7880,"minecraft:walk_one_cm":87266,"minecraft:drop":50,"minecraft:damage_dealt":2867,"minecraft:swim_one_cm":130,"minecraft:talked_to_villager":1,"minecraft:fly_one_cm":322026,"minecraft:player_kills":10,"minecraft:walk_under_water_one_cm":377,"minecraft:open_chest":4,"minecraft:crouch_one_cm":10,"minecraft:play_time":29815,"minecraft:deaths":27,"minecraft:sneak_time":46,"minecraft:jump":1117,"minecraft:walk_on_water_one_cm":2270,"minecraft:total_world_time":29815,"minecraft:fall_one_cm":19457},"minecraft:used":{"minecraft:ender_pearl":4,"minecraft:oak_sign":1,"minecraft:light_blue_terracotta":3,"minecraft:donkey_spawn_egg":1,"lucky:lucky_sword":97,"minecraft:player_head":1,"minecraft:snow_golem_spawn_egg":1,"minecraft:tnt":8,"minecraft:birch_sign":2,"minecraft:crossbow":18,"minecraft:acacia_button":2,"minecraft:shulker_spawn_egg":1,"minecraft:frog_spawn_egg":1,"minecraft:wooden_axe":13,"minecraft:music_disc_stal":1,"minecraft:diamond_sword":12,"minecraft:egg":1,"minecraft:splash_potion":2,"minecraft:jukebox":1},"minecraft:killed_by":{"minecraft:shulker":1,"minecraft:player":19,"minecraft:pufferfish":1,"minecraft:magma_cube":1},"minecraft:killed":{"minecraft:sheep":5,"minecraft:zombie":1,"minecraft:llama":1},"minecraft:dropped":{"minecraft:evoker_spawn_egg":1,"minecraft:silverfish_spawn_egg":1,"minecraft:glass_bottle":1,"minecraft:ender_pearl":1,"minecraft:mule_spawn_egg":1,"minecraft:diamond_leggings":1,"minecraft:witch_spawn_egg":1,"minecraft:elder_guardian_spawn_egg":1,"minecraft:iron_horse_armor":1,"minecraft:dolphin_spawn_egg":1,"minecraft:azure_bluet":23,"minecraft:tropical_fish":2,"minecraft:salmon":1,"minecraft:polar_bear_spawn_egg":2,"minecraft:donkey_spawn_egg":1,"minecraft:cod":1,"minecraft:pufferfish":3,"minecraft:oxeye_daisy":1,"minecraft:poppy":20,"minecraft:leather_chestplate":1,"minecraft:allium":1,"minecraft:wooden_hoe":2,"minecraft:spruce_trapdoor":2,"minecraft:salmon_spawn_egg":1,"minecraft:wooden_axe":1,"minecraft:wooden_shovel":2,"minecraft:potion":1,"minecraft:iron_leggings":1,"minecraft:leather_leggings":1,"minecraft:gold_nugget":1,"minecraft:wooden_sword":1,"minecraft:slime_spawn_egg":1,"minecraft:blue_orchid":20,"minecraft:stone_pickaxe":1,"minecraft:wooden_pickaxe":1,"minecraft:fishing_rod":1,"minecraft:bucket":2,"minecraft:dandelion":2,"minecraft:pink_tulip":14},"minecraft:picked_up":{"minecraft:wooden_axe":2,"minecraft:elder_guardian_spawn_egg":1,"minecraft:fishing_rod":1,"minecraft:slime_spawn_egg":1,"minecraft:allium":36,"minecraft:dolphin_spawn_egg":1,"minecraft:leather_chestplate":1,"minecraft:azure_bluet":23,"minecraft:splash_potion":2,"minecraft:water_bucket":1,"minecraft:leather_leggings":1,"minecraft:salmon":21,"minecraft:music_disc_stal":1,"minecraft:diamond_sword":1,"minecraft:wooden_pickaxe":2,"minecraft:potion":1,"minecraft:enchanted_book":3,"minecraft:acacia_button":2,"minecraft:wooden_hoe":2,"lucky:lucky_bow":1,"lucky:lucky_potion":24,"minecraft:wooden_sword":2,"minecraft:iron_leggings":1,"minecraft:leather_boots":1,"minecraft:pufferfish":22,"minecraft:oak_sign":1,"minecraft:witch_spawn_egg":1,"minecraft:salmon_spawn_egg":1,"minecraft:blue_orchid":20,"minecraft:diamond_leggings":2,"minecraft:glass_bottle":1,"lucky:lucky_sword":1,"minecraft:bucket":2,"minecraft:silverfish_spawn_egg":1,"minecraft:stone_pickaxe":1,"minecraft:player_head":1,"minecraft:poppy":20,"minecraft:wooden_shovel":2,"minecraft:diamond_helmet":2,"minecraft:spruce_trapdoor":2,"minecraft:mule_spawn_egg":1,"minecraft:egg":1,"minecraft:milk_bucket":2,"minecraft:jukebox":1,"minecraft:dandelion":33,"minecraft:lava_bucket":1,"minecraft:cake":1,"minecraft:pufferfish_spawn_egg":1,"minecraft:frog_spawn_egg":1,"minecraft:shulker_spawn_egg":1,"minecraft:quartz_block":15,"minecraft:polar_bear_spawn_egg":2,"minecraft:iron_horse_armor":1,"minecraft:tnt":8,"minecraft:evoker_spawn_egg":1,"minecraft:rotten_flesh":1,"minecraft:snow_golem_spawn_egg":1,"minecraft:arrow":6,"minecraft:diamond_chestplate":1,"minecraft:light_blue_terracotta":38,"minecraft:tropical_fish":25,"minecraft:donkey_spawn_egg":2,"minecraft:diamond_boots":1,"minecraft:crossbow":1,"minecraft:painting":12,"minecraft:birch_sign":2,"minecraft:pink_tulip":14,"minecraft:gold_ingot":48,"minecraft:music_disc_wait":1,"minecraft:cod":15,"minecraft:ender_pearl":4,"minecraft:oxeye_daisy":40},"minecraft:mined":{"minecraft:acacia_button":1,"minecraft:glass":1,"minecraft:tall_grass":3,"minecraft:oak_wall_sign":2,"minecraft:tnt":1,"minecraft:grass":3,"lucky:lucky_block":82}},"DataVersion":3465}