{"stats":{"minecraft:killed_by":{"minecraft:player":2,"minecraft:zombie":2},"minecraft:used":{"minecraft:water_bucket":1,"minecraft:diamond_pickaxe":1,"minecraft:lava_bucket":1,"minecraft:fishing_rod":2,"minecraft:bucket":1,"minecraft:cooked_rabbit":1},"minecraft:crafted":{"minecraft:diamond":9},"minecraft:killed":{"minecraft:ghast":1},"minecraft:mined":{"minecraft:fire":2,"minecraft:diamond_block":1,"lucky:lucky_block":26},"minecraft:custom":{"minecraft:time_since_rest":461,"minecraft:sprint_one_cm":15922,"minecraft:damage_taken":1985,"minecraft:walk_one_cm":20853,"minecraft:mob_kills":2,"minecraft:drop":4,"minecraft:damage_dealt":196,"minecraft:fly_one_cm":33702,"minecraft:player_kills":2,"minecraft:crouch_one_cm":188,"minecraft:play_time":5770,"minecraft:deaths":6,"minecraft:sneak_time":15,"minecraft:jump":151,"minecraft:walk_on_water_one_cm":40,"minecraft:time_since_death":417,"minecraft:climb_one_cm":328,"minecraft:total_world_time":5770,"minecraft:fall_one_cm":3098},"minecraft:dropped":{"minecraft:iron_ingot":9,"minecraft:milk_bucket":1,"minecraft:rabbit":15,"minecraft:leather_helmet":1},"minecraft:picked_up":{"minecraft:sponge":1,"minecraft:fishing_rod":2,"minecraft:milk_bucket":1,"minecraft:leather_chestplate":1,"minecraft:ender_chest":2,"minecraft:pumpkin":10,"minecraft:water_bucket":1,"minecraft:salmon":8,"minecraft:leather_leggings":1,"minecraft:cooked_rabbit":5,"minecraft:lava_bucket":1,"minecraft:diamond_block":1,"minecraft:dragon_egg":1,"minecraft:leather_helmet":1,"lucky:lucky_bow":3,"lucky:lucky_potion":12,"minecraft:iron_leggings":1,"minecraft:leather_boots":1,"minecraft:pufferfish":13,"minecraft:arrow":2,"minecraft:light_blue_terracotta":3,"minecraft:diamond":32,"minecraft:tropical_fish":12,"minecraft:diamond_leggings":1,"minecraft:lever":1,"lucky:lucky_sword":1,"minecraft:bucket":1,"minecraft:diamond_boots":1,"minecraft:iron_helmet":1,"minecraft:iron_ingot":18,"minecraft:birch_sign":2,"minecraft:golden_apple":8,"minecraft:gold_ingot":12,"minecraft:jack_o_lantern":8,"minecraft:poppy":1,"minecraft:rabbit":15,"minecraft:enchanted_golden_apple":4,"minecraft:cod":5,"minecraft:diamond_pickaxe":1}},"DataVersion":3465}