{"stats":{"minecraft:killed_by":{"minecraft:player":1},"minecraft:custom":{"minecraft:jump":112,"minecraft:time_since_rest":746,"minecraft:damage_dealt":234,"minecraft:crouch_one_cm":52,"minecraft:deaths":1,"minecraft:sprint_one_cm":8115,"minecraft:play_time":13146,"minecraft:damage_taken":239,"minecraft:time_since_death":714,"minecraft:walk_one_cm":10168,"minecraft:sneak_time":26,"minecraft:climb_one_cm":269,"minecraft:total_world_time":13146,"minecraft:fall_one_cm":1569,"minecraft:fly_one_cm":17951,"minecraft:player_kills":1}},"DataVersion":3465}