{"stats":{"minecraft:broken":{"minecraft:stone_pickaxe":2},"minecraft:custom":{"minecraft:interact_with_furnace":18,"minecraft:mob_kills":18,"minecraft:interact_with_crafting_table":14,"minecraft:leave_game":4,"minecraft:time_since_death":14925,"minecraft:sleep_in_bed":2,"minecraft:time_since_rest":15227,"minecraft:sprint_one_cm":146388,"minecraft:damage_absorbed":20,"minecraft:damage_taken":1665,"minecraft:walk_one_cm":132487,"minecraft:damage_blocked_by_shield":1575,"minecraft:drop":3,"minecraft:damage_dealt":2828,"minecraft:fly_one_cm":143410,"minecraft:open_chest":10,"minecraft:play_time":76136,"minecraft:crouch_one_cm":10841,"minecraft:sneak_time":5876,"minecraft:deaths":3,"minecraft:walk_under_water_one_cm":7183,"minecraft:jump":1348,"minecraft:walk_on_water_one_cm":4920,"minecraft:total_world_time":76136,"minecraft:fall_one_cm":37551},"minecraft:mined":{"minecraft:deepslate_redstone_ore":4,"minecraft:white_bed":1,"minecraft:deepslate_diamond_ore":1,"minecraft:sculk_vein":1,"minecraft:crafting_table":3,"minecraft:torch":6,"minecraft:granite":3,"minecraft:acacia_log":5,"minecraft:grass_block":3,"minecraft:copper_ore":1,"minecraft:cobblestone":2,"minecraft:deepslate_gold_ore":6,"minecraft:sculk":5,"minecraft:diorite":8,"minecraft:wall_torch":3,"minecraft:redstone_ore":10,"minecraft:furnace":1,"minecraft:iron_ore":59,"minecraft:andesite":3,"minecraft:deepslate_lapis_ore":8,"minecraft:grass":11,"minecraft:pointed_dripstone":18,"minecraft:oak_log":6,"minecraft:coal_ore":101,"minecraft:deepslate_iron_ore":23,"minecraft:gravel":34,"minecraft:dripstone_block":9,"minecraft:dirt":1,"minecraft:stone":122,"minecraft:gold_ore":4,"minecraft:deepslate":70},"minecraft:picked_up":{"minecraft:crafting_table":4,"minecraft:iron_chestplate":1,"minecraft:water_bucket":1,"minecraft:andesite":9,"minecraft:flint":17,"minecraft:oak_log":6,"minecraft:shield":1,"minecraft:gunpowder":4,"minecraft:dirt":4,"minecraft:lapis_lazuli":90,"minecraft:string":4,"minecraft:raw_copper":6,"minecraft:flint_and_steel":1,"minecraft:iron_leggings":1,"minecraft:cooked_mutton":1,"minecraft:bone":6,"minecraft:acacia_planks":6,"minecraft:wheat_seeds":1,"minecraft:cobbled_deepslate":124,"minecraft:raw_gold":16,"minecraft:stone_pickaxe":2,"minecraft:iron_pickaxe":1,"minecraft:oak_planks":20,"minecraft:furnace":1,"minecraft:iron_boots":1,"minecraft:raw_iron":115,"minecraft:torch":32,"minecraft:acacia_log":5,"minecraft:gravel":43,"minecraft:dripstone_block":9,"minecraft:pointed_dripstone":31,"minecraft:diorite":12,"minecraft:white_bed":1,"minecraft:redstone":120,"minecraft:arrow":10,"minecraft:rotten_flesh":18,"minecraft:diamond":2,"minecraft:stone_axe":3,"minecraft:iron_helmet":1,"minecraft:granite":6,"minecraft:oak_sapling":2,"minecraft:mutton":8,"minecraft:coal":132,"minecraft:white_wool":6,"minecraft:rail":1,"minecraft:cobblestone":126},"minecraft:killed_by":{"minecraft:player":1,"minecraft:skeleton":1,"minecraft:creeper":1},"minecraft:used":{"minecraft:cooked_mutton":9,"minecraft:water_bucket":10,"minecraft:stone_pickaxe":263,"minecraft:wooden_pickaxe":16,"minecraft:chest":1,"minecraft:shield":32,"minecraft:rotten_flesh":8,"minecraft:torch":73,"minecraft:golden_apple":1,"minecraft:crafting_table":4,"minecraft:white_bed":2,"minecraft:iron_pickaxe":181,"minecraft:gravel":15,"minecraft:stone_axe":45,"minecraft:cobblestone":59,"minecraft:furnace":2,"minecraft:bucket":11,"minecraft:cobbled_deepslate":2},"minecraft:killed":{"minecraft:zombie_villager":1,"minecraft:spider":1,"minecraft:sheep":6,"minecraft:skeleton":2,"minecraft:zombie":8},"minecraft:dropped":{"minecraft:cobblestone":27,"minecraft:torch":1,"minecraft:white_wool":3},"minecraft:crafted":{"minecraft:wooden_pickaxe":1,"minecraft:iron_helmet":1,"minecraft:furnace":1,"minecraft:bucket":1,"minecraft:stone_axe":2,"minecraft:cooked_mutton":8,"minecraft:air":0,"minecraft:flint_and_steel":1,"minecraft:iron_boots":1,"minecraft:iron_chestplate":1,"minecraft:shield":1,"minecraft:stick":28,"minecraft:iron_ingot":59,"minecraft:iron_pickaxe":1,"minecraft:stone_pickaxe":3,"minecraft:chest":1,"minecraft:iron_leggings":1,"minecraft:white_bed":1,"minecraft:acacia_planks":20,"minecraft:torch":56}},"DataVersion":3465}