{"stats":{"minecraft:broken":{"minecraft:stone_pickaxe":2},"minecraft:custom":{"minecraft:interact_with_furnace":19,"minecraft:mob_kills":21,"minecraft:interact_with_crafting_table":14,"minecraft:leave_game":4,"minecraft:time_since_death":19300,"minecraft:sleep_in_bed":2,"minecraft:time_since_rest":19602,"minecraft:sprint_one_cm":156934,"minecraft:damage_absorbed":20,"minecraft:damage_taken":1747,"minecraft:walk_one_cm":143659,"minecraft:damage_blocked_by_shield":1650,"minecraft:drop":3,"minecraft:damage_dealt":3328,"minecraft:fly_one_cm":151754,"minecraft:open_chest":12,"minecraft:play_time":80511,"minecraft:crouch_one_cm":11198,"minecraft:sneak_time":5958,"minecraft:deaths":3,"minecraft:walk_under_water_one_cm":7183,"minecraft:jump":1451,"minecraft:walk_on_water_one_cm":5190,"minecraft:total_world_time":80511,"minecraft:fall_one_cm":42368},"minecraft:mined":{"minecraft:deepslate_redstone_ore":4,"minecraft:white_bed":1,"minecraft:deepslate_diamond_ore":1,"minecraft:sculk_vein":1,"minecraft:crafting_table":3,"minecraft:torch":6,"minecraft:granite":3,"minecraft:acacia_log":5,"minecraft:grass_block":3,"minecraft:copper_ore":1,"minecraft:cobblestone":2,"minecraft:deepslate_gold_ore":11,"minecraft:sculk":5,"minecraft:diorite":8,"minecraft:wall_torch":3,"minecraft:redstone_ore":10,"minecraft:furnace":1,"minecraft:iron_ore":59,"minecraft:andesite":3,"minecraft:deepslate_lapis_ore":8,"minecraft:cave_vines":1,"minecraft:grass":11,"minecraft:pointed_dripstone":20,"minecraft:oak_log":6,"minecraft:coal_ore":114,"minecraft:deepslate_iron_ore":23,"minecraft:gravel":34,"minecraft:dripstone_block":9,"minecraft:dirt":1,"minecraft:stone":123,"minecraft:gold_ore":4,"minecraft:deepslate":70},"minecraft:picked_up":{"minecraft:crafting_table":4,"minecraft:iron_chestplate":1,"minecraft:glow_ink_sac":2,"minecraft:water_bucket":1,"minecraft:andesite":9,"minecraft:flint":17,"minecraft:oak_log":6,"minecraft:shield":1,"minecraft:gunpowder":4,"minecraft:dirt":4,"minecraft:lapis_lazuli":90,"minecraft:string":5,"minecraft:raw_copper":6,"minecraft:flint_and_steel":1,"minecraft:iron_leggings":1,"minecraft:cooked_mutton":1,"minecraft:bone":8,"minecraft:acacia_planks":6,"minecraft:bow":1,"minecraft:wheat_seeds":1,"minecraft:cobbled_deepslate":124,"minecraft:raw_gold":20,"minecraft:stone_pickaxe":2,"minecraft:iron_pickaxe":1,"minecraft:oak_planks":20,"minecraft:furnace":1,"minecraft:iron_boots":1,"minecraft:raw_iron":115,"minecraft:torch":32,"minecraft:acacia_log":5,"minecraft:dripstone_block":9,"minecraft:gravel":43,"minecraft:pointed_dripstone":33,"minecraft:diorite":12,"minecraft:white_bed":1,"minecraft:redstone":120,"minecraft:arrow":12,"minecraft:rotten_flesh":18,"minecraft:diamond":2,"minecraft:stone_axe":3,"minecraft:iron_helmet":1,"minecraft:granite":6,"minecraft:oak_sapling":2,"minecraft:mutton":8,"minecraft:coal":145,"minecraft:white_wool":6,"minecraft:rail":1,"minecraft:cobblestone":127},"minecraft:killed_by":{"minecraft:player":1,"minecraft:skeleton":1,"minecraft:creeper":1},"minecraft:used":{"minecraft:cooked_mutton":9,"minecraft:water_bucket":10,"minecraft:stone_pickaxe":263,"minecraft:wooden_pickaxe":16,"minecraft:chest":1,"minecraft:shield":33,"minecraft:rotten_flesh":10,"minecraft:glow_berries":6,"minecraft:torch":79,"minecraft:golden_apple":1,"minecraft:crafting_table":4,"minecraft:white_bed":2,"minecraft:iron_pickaxe":202,"minecraft:gravel":15,"minecraft:stone_axe":51,"minecraft:cobblestone":59,"minecraft:furnace":2,"minecraft:bucket":11,"minecraft:cobbled_deepslate":2},"minecraft:killed":{"minecraft:zombie_villager":1,"minecraft:spider":1,"minecraft:sheep":6,"minecraft:skeleton":4,"minecraft:zombie":9},"minecraft:dropped":{"minecraft:cobblestone":27,"minecraft:torch":1,"minecraft:white_wool":3},"minecraft:crafted":{"minecraft:wooden_pickaxe":1,"minecraft:iron_helmet":1,"minecraft:furnace":1,"minecraft:bucket":1,"minecraft:stone_axe":2,"minecraft:cooked_mutton":8,"minecraft:air":0,"minecraft:flint_and_steel":1,"minecraft:iron_boots":1,"minecraft:iron_chestplate":1,"minecraft:shield":1,"minecraft:stick":28,"minecraft:iron_ingot":82,"minecraft:iron_pickaxe":1,"minecraft:stone_pickaxe":3,"minecraft:chest":1,"minecraft:iron_leggings":1,"minecraft:white_bed":1,"minecraft:acacia_planks":20,"minecraft:torch":56}},"DataVersion":3465}