{"stats":{"minecraft:custom":{"minecraft:time_since_rest":2651,"minecraft:walk_one_cm":7534,"minecraft:sprint_one_cm":14849,"minecraft:play_time":5652,"minecraft:damage_taken":285,"minecraft:deaths":1,"minecraft:jump":119,"minecraft:damage_dealt":63,"minecraft:leave_game":1,"minecraft:time_since_death":2619,"minecraft:total_world_time":5652,"minecraft:interact_with_crafting_table":1,"minecraft:fall_one_cm":9072,"minecraft:fly_one_cm":24551},"minecraft:mined":{"minecraft:grass":11,"minecraft:oak_log":6,"minecraft:stone":15},"minecraft:picked_up":{"minecraft:crafting_table":1,"minecraft:wheat_seeds":1,"minecraft:oak_log":6,"minecraft:oak_sapling":2,"minecraft:oak_planks":20,"minecraft:cobblestone":14},"minecraft:killed_by":{"minecraft:player":1},"minecraft:used":{"minecraft:crafting_table":1,"minecraft:wooden_pickaxe":15},"minecraft:crafted":{"minecraft:stick":8,"minecraft:wooden_pickaxe":1}},"DataVersion":3465}