{"stats":{"minecraft:killed_by":{"minecraft:player":2,"minecraft:slime":3,"minecraft:creeper":3},"minecraft:used":{"minecraft:map":1,"minecraft:beacon":1,"minecraft:bow":4,"lucky:lucky_potion":11},"minecraft:mined":{"minecraft:fire":8,"minecraft:birch_wall_sign":1,"lucky:lucky_block":32},"minecraft:killed":{"minecraft:sheep":1,"minecraft:pig":1,"minecraft:slime":1},"minecraft:custom":{"minecraft:time_since_rest":539,"minecraft:sprint_one_cm":46416,"minecraft:damage_taken":3332,"minecraft:walk_one_cm":42436,"minecraft:mob_kills":4,"minecraft:drop":8,"minecraft:damage_dealt":254,"minecraft:player_kills":5,"minecraft:fly_one_cm":90461,"minecraft:talked_to_villager":2,"minecraft:open_chest":2,"minecraft:crouch_one_cm":58,"minecraft:play_time":25146,"minecraft:deaths":9,"minecraft:sneak_time":69,"minecraft:jump":368,"minecraft:time_since_death":507,"minecraft:climb_one_cm":3389,"minecraft:total_world_time":25146,"minecraft:fall_one_cm":8181,"minecraft:horse_one_cm":15182},"minecraft:dropped":{"minecraft:enchanted_book":5,"minecraft:spider_eye":2,"minecraft:birch_sign":2,"minecraft:paper":1},"minecraft:picked_up":{"minecraft:stick":1,"minecraft:chainmail_boots":1,"minecraft:diamond_sword":1,"minecraft:beacon":1,"minecraft:oak_pressure_plate":1,"minecraft:enchanted_book":11,"minecraft:fermented_spider_eye":1,"minecraft:spider_eye":2,"minecraft:dragon_egg":1,"minecraft:string":4,"lucky:lucky_bow":3,"lucky:lucky_potion":38,"minecraft:tnt":8,"minecraft:arrow":87,"minecraft:rotten_flesh":7,"minecraft:slime_ball":6,"minecraft:light_blue_terracotta":9,"minecraft:bow":3,"lucky:lucky_sword":2,"minecraft:chainmail_leggings":1,"minecraft:painting":4,"minecraft:birch_sign":2,"minecraft:saddle":2,"minecraft:chainmail_helmet":1,"minecraft:obsidian":14}},"DataVersion":3465}