{"stats":{"minecraft:broken":{"minecraft:leather_boots":1},"minecraft:custom":{"minecraft:mob_kills":6,"minecraft:time_since_death":664,"minecraft:climb_one_cm":244,"minecraft:time_since_rest":2856,"minecraft:sprint_one_cm":50571,"minecraft:damage_taken":5085,"minecraft:walk_one_cm":48777,"minecraft:drop":41,"minecraft:damage_dealt":2278,"minecraft:talked_to_villager":1,"minecraft:fly_one_cm":174804,"minecraft:player_kills":8,"minecraft:open_chest":1,"minecraft:crouch_one_cm":10,"minecraft:play_time":17815,"minecraft:deaths":18,"minecraft:sneak_time":46,"minecraft:jump":593,"minecraft:walk_on_water_one_cm":762,"minecraft:total_world_time":17815,"minecraft:fall_one_cm":7493},"minecraft:used":{"minecraft:oak_sign":1,"minecraft:donkey_spawn_egg":1,"lucky:lucky_sword":62,"minecraft:player_head":1,"minecraft:snow_golem_spawn_egg":1,"minecraft:tnt":8,"minecraft:birch_sign":2,"minecraft:acacia_button":2,"minecraft:shulker_spawn_egg":1,"minecraft:frog_spawn_egg":1,"minecraft:wooden_axe":2,"minecraft:diamond_sword":12,"minecraft:egg":1},"minecraft:killed_by":{"minecraft:shulker":1,"minecraft:player":13,"minecraft:pufferfish":1,"minecraft:magma_cube":1},"minecraft:killed":{"minecraft:sheep":3,"minecraft:zombie":1,"minecraft:llama":1},"minecraft:dropped":{"minecraft:evoker_spawn_egg":1,"minecraft:silverfish_spawn_egg":1,"minecraft:mule_spawn_egg":1,"minecraft:diamond_leggings":1,"minecraft:witch_spawn_egg":1,"minecraft:elder_guardian_spawn_egg":1,"minecraft:iron_horse_armor":1,"minecraft:dolphin_spawn_egg":1,"minecraft:azure_bluet":23,"minecraft:tropical_fish":2,"minecraft:salmon":1,"minecraft:polar_bear_spawn_egg":2,"minecraft:donkey_spawn_egg":1,"minecraft:cod":1,"minecraft:pufferfish":3,"minecraft:oxeye_daisy":1,"minecraft:poppy":18,"minecraft:leather_chestplate":1,"minecraft:allium":1,"minecraft:wooden_hoe":2,"minecraft:salmon_spawn_egg":1,"minecraft:wooden_shovel":2,"minecraft:gold_nugget":1,"minecraft:wooden_sword":1,"minecraft:slime_spawn_egg":1,"minecraft:blue_orchid":20,"minecraft:stone_pickaxe":1,"minecraft:wooden_pickaxe":1,"minecraft:fishing_rod":1,"minecraft:bucket":2,"minecraft:dandelion":2,"minecraft:pink_tulip":14},"minecraft:picked_up":{"minecraft:wooden_axe":1,"minecraft:elder_guardian_spawn_egg":1,"minecraft:fishing_rod":1,"minecraft:slime_spawn_egg":1,"minecraft:allium":18,"minecraft:dolphin_spawn_egg":1,"minecraft:leather_chestplate":1,"minecraft:azure_bluet":23,"minecraft:water_bucket":1,"minecraft:leather_leggings":1,"minecraft:salmon":2,"minecraft:diamond_sword":1,"minecraft:wooden_pickaxe":2,"minecraft:enchanted_book":3,"minecraft:acacia_button":2,"minecraft:wooden_hoe":2,"lucky:lucky_bow":1,"lucky:lucky_potion":10,"minecraft:wooden_sword":2,"minecraft:iron_leggings":1,"minecraft:leather_boots":1,"minecraft:pufferfish":6,"minecraft:oak_sign":1,"minecraft:witch_spawn_egg":1,"minecraft:salmon_spawn_egg":1,"minecraft:blue_orchid":20,"minecraft:diamond_leggings":2,"lucky:lucky_sword":1,"minecraft:bucket":2,"minecraft:silverfish_spawn_egg":1,"minecraft:stone_pickaxe":1,"minecraft:player_head":1,"minecraft:poppy":19,"minecraft:wooden_shovel":2,"minecraft:diamond_helmet":2,"minecraft:mule_spawn_egg":1,"minecraft:egg":1,"minecraft:milk_bucket":2,"minecraft:dandelion":18,"minecraft:lava_bucket":1,"minecraft:cake":1,"minecraft:pufferfish_spawn_egg":1,"minecraft:frog_spawn_egg":1,"minecraft:shulker_spawn_egg":1,"minecraft:polar_bear_spawn_egg":2,"minecraft:iron_horse_armor":1,"minecraft:tnt":8,"minecraft:evoker_spawn_egg":1,"minecraft:rotten_flesh":1,"minecraft:snow_golem_spawn_egg":1,"minecraft:arrow":2,"minecraft:diamond_chestplate":1,"minecraft:light_blue_terracotta":38,"minecraft:tropical_fish":6,"minecraft:donkey_spawn_egg":2,"minecraft:diamond_boots":1,"minecraft:painting":8,"minecraft:birch_sign":2,"minecraft:pink_tulip":14,"minecraft:gold_ingot":10,"minecraft:cod":3,"minecraft:oxeye_daisy":19},"minecraft:mined":{"minecraft:acacia_button":1,"minecraft:tall_grass":3,"minecraft:oak_wall_sign":2,"minecraft:tnt":1,"minecraft:grass":3,"lucky:lucky_block":37}},"DataVersion":3465}