{"stats":{"minecraft:custom":{"minecraft:mob_kills":1,"minecraft:time_since_death":941,"minecraft:climb_one_cm":244,"minecraft:time_since_rest":975,"minecraft:sprint_one_cm":20841,"minecraft:damage_taken":1694,"minecraft:walk_one_cm":23977,"minecraft:drop":27,"minecraft:damage_dealt":2,"minecraft:talked_to_villager":1,"minecraft:fly_one_cm":63496,"minecraft:player_kills":1,"minecraft:play_time":5815,"minecraft:deaths":6,"minecraft:sneak_time":44,"minecraft:jump":188,"minecraft:total_world_time":5815,"minecraft:fall_one_cm":1732},"minecraft:used":{"minecraft:donkey_spawn_egg":1,"minecraft:player_head":1,"minecraft:snow_golem_spawn_egg":1,"minecraft:shulker_spawn_egg":1,"minecraft:frog_spawn_egg":1,"minecraft:wooden_axe":2,"minecraft:diamond_sword":8},"minecraft:killed_by":{"minecraft:shulker":1,"minecraft:player":2,"minecraft:magma_cube":1},"minecraft:dropped":{"minecraft:evoker_spawn_egg":1,"minecraft:silverfish_spawn_egg":1,"minecraft:mule_spawn_egg":1,"minecraft:diamond_leggings":1,"minecraft:witch_spawn_egg":1,"minecraft:elder_guardian_spawn_egg":1,"minecraft:iron_horse_armor":1,"minecraft:dolphin_spawn_egg":1,"minecraft:tropical_fish":2,"minecraft:salmon":1,"minecraft:polar_bear_spawn_egg":1,"minecraft:donkey_spawn_egg":1,"minecraft:cod":1,"minecraft:pufferfish":3,"minecraft:leather_chestplate":1,"minecraft:wooden_hoe":1,"minecraft:salmon_spawn_egg":1,"minecraft:wooden_shovel":1,"minecraft:gold_nugget":1,"minecraft:wooden_sword":1,"minecraft:slime_spawn_egg":1,"minecraft:stone_pickaxe":1,"minecraft:wooden_pickaxe":1,"minecraft:fishing_rod":1},"minecraft:picked_up":{"minecraft:wooden_axe":1,"minecraft:elder_guardian_spawn_egg":1,"minecraft:fishing_rod":1,"minecraft:slime_spawn_egg":1,"minecraft:allium":17,"minecraft:dolphin_spawn_egg":1,"minecraft:leather_chestplate":1,"minecraft:azure_bluet":22,"minecraft:leather_leggings":1,"minecraft:salmon":2,"minecraft:diamond_sword":1,"minecraft:wooden_pickaxe":1,"minecraft:wooden_hoe":1,"minecraft:wooden_sword":1,"minecraft:iron_leggings":1,"minecraft:leather_boots":1,"minecraft:pufferfish":6,"minecraft:witch_spawn_egg":1,"minecraft:salmon_spawn_egg":1,"minecraft:blue_orchid":20,"minecraft:diamond_leggings":2,"minecraft:silverfish_spawn_egg":1,"minecraft:stone_pickaxe":1,"minecraft:player_head":1,"minecraft:poppy":19,"minecraft:wooden_shovel":1,"minecraft:diamond_helmet":1,"minecraft:mule_spawn_egg":1,"minecraft:dandelion":18,"minecraft:cake":1,"minecraft:pufferfish_spawn_egg":1,"minecraft:frog_spawn_egg":1,"minecraft:shulker_spawn_egg":1,"minecraft:polar_bear_spawn_egg":2,"minecraft:iron_horse_armor":1,"minecraft:tnt":8,"minecraft:evoker_spawn_egg":1,"minecraft:snow_golem_spawn_egg":1,"minecraft:arrow":2,"minecraft:diamond_chestplate":1,"minecraft:light_blue_terracotta":6,"minecraft:tropical_fish":6,"minecraft:donkey_spawn_egg":2,"minecraft:painting":6,"minecraft:birch_sign":2,"minecraft:pink_tulip":14,"minecraft:gold_ingot":10,"minecraft:cod":3,"minecraft:oxeye_daisy":18},"minecraft:mined":{"lucky:lucky_block":28}},"DataVersion":3465}