{"stats":{"minecraft:broken":{"minecraft:stone_pickaxe":2},"minecraft:custom":{"minecraft:interact_with_furnace":14,"minecraft:mob_kills":18,"minecraft:interact_with_crafting_table":14,"minecraft:leave_game":2,"minecraft:time_since_death":33304,"minecraft:sleep_in_bed":2,"minecraft:time_since_rest":28635,"minecraft:sprint_one_cm":108609,"minecraft:damage_absorbed":20,"minecraft:damage_taken":1366,"minecraft:walk_one_cm":99712,"minecraft:damage_blocked_by_shield":1575,"minecraft:drop":2,"minecraft:damage_dealt":2828,"minecraft:fly_one_cm":106659,"minecraft:open_chest":9,"minecraft:crouch_one_cm":8712,"minecraft:play_time":53584,"minecraft:deaths":2,"minecraft:sneak_time":4748,"minecraft:walk_under_water_one_cm":3511,"minecraft:jump":990,"minecraft:walk_on_water_one_cm":3615,"minecraft:total_world_time":53584,"minecraft:fall_one_cm":31735},"minecraft:mined":{"minecraft:deepslate_redstone_ore":4,"minecraft:white_bed":1,"minecraft:crafting_table":3,"minecraft:torch":6,"minecraft:granite":3,"minecraft:acacia_log":5,"minecraft:grass_block":3,"minecraft:copper_ore":1,"minecraft:cobblestone":2,"minecraft:deepslate_gold_ore":1,"minecraft:diorite":1,"minecraft:wall_torch":3,"minecraft:furnace":1,"minecraft:iron_ore":35,"minecraft:andesite":3,"minecraft:deepslate_lapis_ore":1,"minecraft:grass":11,"minecraft:oak_log":6,"minecraft:pointed_dripstone":18,"minecraft:coal_ore":84,"minecraft:deepslate_iron_ore":12,"minecraft:gravel":32,"minecraft:dripstone_block":9,"minecraft:dirt":1,"minecraft:stone":109,"minecraft:deepslate":60},"minecraft:picked_up":{"minecraft:crafting_table":4,"minecraft:andesite":3,"minecraft:flint":8,"minecraft:oak_log":6,"minecraft:gunpowder":1,"minecraft:string":2,"minecraft:lapis_lazuli":5,"minecraft:dirt":4,"minecraft:raw_copper":3,"minecraft:cooked_mutton":1,"minecraft:bone":3,"minecraft:wheat_seeds":1,"minecraft:cobbled_deepslate":52,"minecraft:raw_gold":1,"minecraft:stone_pickaxe":1,"minecraft:oak_planks":20,"minecraft:furnace":1,"minecraft:raw_iron":47,"minecraft:torch":15,"minecraft:acacia_log":5,"minecraft:gravel":34,"minecraft:dripstone_block":9,"minecraft:pointed_dripstone":24,"minecraft:diorite":1,"minecraft:white_bed":1,"minecraft:redstone":18,"minecraft:arrow":5,"minecraft:rotten_flesh":13,"minecraft:stone_axe":1,"minecraft:granite":3,"minecraft:oak_sapling":2,"minecraft:mutton":8,"minecraft:coal":83,"minecraft:white_wool":6,"minecraft:rail":1,"minecraft:cobblestone":109},"minecraft:killed_by":{"minecraft:player":1,"minecraft:skeleton":1},"minecraft:used":{"minecraft:cooked_mutton":9,"minecraft:water_bucket":5,"minecraft:stone_pickaxe":263,"minecraft:shield":32,"minecraft:chest":1,"minecraft:wooden_pickaxe":16,"minecraft:rotten_flesh":5,"minecraft:torch":51,"minecraft:golden_apple":1,"minecraft:crafting_table":4,"minecraft:white_bed":2,"minecraft:iron_pickaxe":66,"minecraft:stone_axe":45,"minecraft:cobblestone":59,"minecraft:furnace":2,"minecraft:bucket":6},"minecraft:killed":{"minecraft:zombie_villager":1,"minecraft:spider":1,"minecraft:sheep":6,"minecraft:skeleton":2,"minecraft:zombie":8},"minecraft:dropped":{"minecraft:cobblestone":27,"minecraft:white_wool":3},"minecraft:crafted":{"minecraft:wooden_pickaxe":1,"minecraft:iron_helmet":1,"minecraft:furnace":1,"minecraft:bucket":1,"minecraft:stone_axe":2,"minecraft:cooked_mutton":8,"minecraft:air":0,"minecraft:flint_and_steel":1,"minecraft:iron_boots":1,"minecraft:iron_chestplate":1,"minecraft:shield":1,"minecraft:stick":28,"minecraft:iron_ingot":32,"minecraft:iron_pickaxe":1,"minecraft:stone_pickaxe":3,"minecraft:chest":1,"minecraft:iron_leggings":1,"minecraft:white_bed":1,"minecraft:acacia_planks":20,"minecraft:torch":56}},"DataVersion":3465}