{"stats":{"minecraft:broken":{"minecraft:stone_pickaxe":1},"minecraft:custom":{"minecraft:interact_with_furnace":14,"minecraft:mob_kills":9,"minecraft:interact_with_crafting_table":14,"minecraft:leave_game":2,"minecraft:time_since_death":21304,"minecraft:sleep_in_bed":2,"minecraft:time_since_rest":16635,"minecraft:sprint_one_cm":96295,"minecraft:damage_taken":964,"minecraft:walk_one_cm":69991,"minecraft:drop":2,"minecraft:damage_dealt":1133,"minecraft:fly_one_cm":93360,"minecraft:open_chest":9,"minecraft:crouch_one_cm":5722,"minecraft:play_time":41584,"minecraft:deaths":2,"minecraft:sneak_time":2591,"minecraft:jump":782,"minecraft:walk_on_water_one_cm":229,"minecraft:total_world_time":41584,"minecraft:fall_one_cm":26508},"minecraft:mined":{"minecraft:white_bed":1,"minecraft:crafting_table":3,"minecraft:torch":5,"minecraft:acacia_log":5,"minecraft:grass_block":3,"minecraft:copper_ore":1,"minecraft:cobblestone":2,"minecraft:diorite":1,"minecraft:wall_torch":3,"minecraft:furnace":1,"minecraft:iron_ore":32,"minecraft:grass":11,"minecraft:oak_log":6,"minecraft:pointed_dripstone":18,"minecraft:coal_ore":84,"minecraft:gravel":23,"minecraft:dripstone_block":9,"minecraft:dirt":1,"minecraft:stone":104},"minecraft:picked_up":{"minecraft:crafting_table":4,"minecraft:flint":5,"minecraft:oak_log":6,"minecraft:dirt":4,"minecraft:raw_copper":3,"minecraft:cooked_mutton":1,"minecraft:wheat_seeds":1,"minecraft:stone_pickaxe":1,"minecraft:oak_planks":20,"minecraft:furnace":1,"minecraft:raw_iron":32,"minecraft:torch":14,"minecraft:acacia_log":5,"minecraft:gravel":28,"minecraft:dripstone_block":9,"minecraft:pointed_dripstone":24,"minecraft:diorite":1,"minecraft:white_bed":1,"minecraft:rotten_flesh":1,"minecraft:stone_axe":1,"minecraft:oak_sapling":2,"minecraft:mutton":8,"minecraft:coal":83,"minecraft:white_wool":6,"minecraft:rail":1,"minecraft:cobblestone":104},"minecraft:killed_by":{"minecraft:player":1,"minecraft:skeleton":1},"minecraft:used":{"minecraft:cooked_mutton":7,"minecraft:water_bucket":4,"minecraft:stone_pickaxe":235,"minecraft:chest":1,"minecraft:wooden_pickaxe":16,"minecraft:rotten_flesh":1,"minecraft:torch":37,"minecraft:crafting_table":4,"minecraft:white_bed":2,"minecraft:stone_axe":22,"minecraft:cobblestone":52,"minecraft:furnace":2,"minecraft:bucket":5},"minecraft:killed":{"minecraft:sheep":6,"minecraft:zombie":3},"minecraft:dropped":{"minecraft:cobblestone":27,"minecraft:white_wool":3},"minecraft:crafted":{"minecraft:wooden_pickaxe":1,"minecraft:iron_helmet":1,"minecraft:furnace":1,"minecraft:bucket":1,"minecraft:stone_axe":2,"minecraft:cooked_mutton":8,"minecraft:air":0,"minecraft:flint_and_steel":1,"minecraft:iron_boots":1,"minecraft:iron_chestplate":1,"minecraft:shield":1,"minecraft:stick":20,"minecraft:iron_ingot":32,"minecraft:iron_pickaxe":1,"minecraft:stone_pickaxe":3,"minecraft:chest":1,"minecraft:iron_leggings":1,"minecraft:white_bed":1,"minecraft:acacia_planks":20,"minecraft:torch":24}},"DataVersion":3465}