{"stats":{"minecraft:killed_by":{"minecraft:player":6,"minecraft:skeleton":3,"minecraft:creeper":1,"minecraft:zombie":2},"minecraft:used":{"minecraft:water_bucket":2,"lucky:lucky_sword":17,"minecraft:diamond_pickaxe":2,"minecraft:lava_bucket":1,"minecraft:fishing_rod":3,"minecraft:cooked_rabbit":1,"minecraft:bucket":2,"lucky:lucky_potion":6,"minecraft:enchanted_golden_apple":1},"minecraft:crafted":{"minecraft:diamond":9,"minecraft:potion":1,"minecraft:splash_potion":1},"minecraft:mined":{"minecraft:fire":2,"minecraft:diamond_block":1,"lucky:lucky_block":43},"minecraft:killed":{"minecraft:skeleton":1,"minecraft:chicken":1,"minecraft:ghast":1,"minecraft:skeleton_horse":1},"minecraft:custom":{"minecraft:mob_kills":8,"minecraft:traded_with_villager":2,"minecraft:leave_game":1,"minecraft:time_since_death":1037,"minecraft:climb_one_cm":328,"minecraft:damage_resisted":170,"minecraft:time_since_rest":1071,"minecraft:sprint_one_cm":60755,"minecraft:walk_one_cm":36945,"minecraft:damage_taken":4742,"minecraft:damage_absorbed":160,"minecraft:drop":38,"minecraft:damage_dealt":1099,"minecraft:fly_one_cm":194569,"minecraft:talked_to_villager":3,"minecraft:player_kills":4,"minecraft:crouch_one_cm":188,"minecraft:play_time":18750,"minecraft:deaths":16,"minecraft:sneak_time":77,"minecraft:jump":686,"minecraft:walk_on_water_one_cm":74,"minecraft:total_world_time":18750,"minecraft:fall_one_cm":15988},"minecraft:dropped":{"minecraft:enchanted_book":4,"minecraft:iron_ingot":9,"minecraft:lever":1,"minecraft:lapis_lazuli":6,"minecraft:player_head":1,"minecraft:iron_helmet":1,"minecraft:prismarine_crystals":1,"minecraft:tropical_fish":12,"minecraft:salmon":8,"minecraft:leather_helmet":1,"minecraft:cod":5,"minecraft:pufferfish":13,"minecraft:poppy":1,"minecraft:leather_chestplate":1,"minecraft:milk_bucket":1,"minecraft:sponge":2,"minecraft:dragon_egg":2,"minecraft:quartz_block":1,"minecraft:rabbit":15,"minecraft:leather_boots":1,"minecraft:jack_o_lantern":32,"minecraft:leather_leggings":1,"minecraft:iron_leggings":1,"minecraft:gold_nugget":1,"minecraft:pumpkin":20,"minecraft:fishing_rod":1,"minecraft:cooked_rabbit":4,"minecraft:bucket":2},"minecraft:picked_up":{"minecraft:sponge":2,"minecraft:fishing_rod":2,"minecraft:leather_chestplate":1,"minecraft:ender_chest":2,"minecraft:water_bucket":1,"minecraft:salmon":8,"minecraft:leather_leggings":1,"minecraft:cooked_rabbit":5,"minecraft:enchanted_book":8,"minecraft:lapis_lazuli":6,"lucky:lucky_bow":3,"lucky:lucky_potion":25,"minecraft:iron_leggings":1,"minecraft:leather_boots":1,"minecraft:bone":2,"minecraft:pufferfish":13,"minecraft:zombie_head":1,"minecraft:diamond_leggings":1,"minecraft:gold_nugget":1,"lucky:lucky_sword":1,"minecraft:bucket":1,"minecraft:iron_ingot":18,"minecraft:player_head":1,"minecraft:enchanted_golden_apple":4,"minecraft:poppy":1,"minecraft:rabbit":15,"minecraft:milk_bucket":1,"minecraft:pumpkin":20,"minecraft:lava_bucket":1,"minecraft:diamond_block":1,"minecraft:prismarine_crystals":1,"minecraft:dragon_egg":2,"minecraft:leather_helmet":1,"minecraft:quartz_block":1,"minecraft:arrow":7,"minecraft:light_blue_terracotta":29,"minecraft:diamond":32,"minecraft:tropical_fish":12,"minecraft:lever":1,"minecraft:diamond_boots":1,"minecraft:iron_helmet":1,"minecraft:birch_sign":2,"minecraft:golden_apple":8,"minecraft:gold_ingot":22,"minecraft:emerald":8,"minecraft:jack_o_lantern":32,"minecraft:cod":5,"minecraft:diamond_pickaxe":1}},"DataVersion":3465}