{"stats":{"minecraft:picked_up":{"minecraft:jungle_log":3,"minecraft:leather":1,"minecraft:wheat_seeds":1,"minecraft:beef":3},"minecraft:custom":{"minecraft:time_since_rest":1587,"minecraft:play_time":7771,"minecraft:sprint_one_cm":8439,"minecraft:deaths":1,"minecraft:damage_taken":210,"minecraft:walk_one_cm":6298,"minecraft:mob_kills":1,"minecraft:jump":85,"minecraft:damage_dealt":130,"minecraft:leave_game":1,"minecraft:time_since_death":0,"minecraft:total_world_time":7771,"minecraft:climb_one_cm":321,"minecraft:fly_one_cm":17276,"minecraft:fall_one_cm":1997},"minecraft:used":{"minecraft:crafting_table":1,"alexsmobs:animal_dictionary":1},"minecraft:killed":{"minecraft:cow":1},"minecraft:killed_by":{"born_in_chaos_v1:decaying_zombie":1},"minecraft:mined":{"minecraft:grass":7,"minecraft:vine":1,"minecraft:jungle_log":3,"minecraft:fern":3},"minecraft:crafted":{"minecraft:crafting_table":1,"minecraft:jungle_planks":12}},"DataVersion":3465}