{"stats":{"minecraft:custom":{"minecraft:time_since_rest":11596,"minecraft:sprint_one_cm":13234,"minecraft:damage_taken":20,"minecraft:walk_one_cm":9015,"minecraft:mob_kills":4,"minecraft:damage_dealt":340,"minecraft:swim_one_cm":9880,"minecraft:interact_with_crafting_table":4,"minecraft:fly_one_cm":30788,"minecraft:crouch_one_cm":1558,"minecraft:play_time":11596,"minecraft:sneak_time":493,"minecraft:walk_under_water_one_cm":3335,"minecraft:jump":147,"minecraft:leave_game":1,"minecraft:walk_on_water_one_cm":2267,"minecraft:time_since_death":11596,"minecraft:total_world_time":11596,"minecraft:fall_one_cm":5238},"minecraft:used":{"minecraft:stone_pickaxe":50,"minecraft:wooden_pickaxe":7,"minecraft:stone_axe":6,"minecraft:dirt":2,"minecraft:cobblestone":7,"minecraft:crafting_table":2},"minecraft:mined":{"minecraft:crafting_table":1,"minecraft:grass":2,"minecraft:coal_ore":34,"minecraft:grass_block":1,"minecraft:oak_log":9,"minecraft:dirt":1,"minecraft:cobblestone":1,"minecraft:stone":22,"minecraft:oak_leaves":2},"minecraft:crafted":{"minecraft:oak_planks":36,"minecraft:crafting_table":2,"minecraft:stick":16,"minecraft:wooden_pickaxe":1,"minecraft:stone_pickaxe":1,"minecraft:torch":24,"minecraft:stone_axe":1},"minecraft:killed":{"minecraft:chicken":1,"minecraft:cow":3},"minecraft:picked_up":{"minecraft:crafting_table":1,"minecraft:chicken":1,"minecraft:leather":1,"minecraft:oak_log":9,"minecraft:dirt":2,"minecraft:wheat_seeds":1,"minecraft:beef":8,"minecraft:oak_sapling":1,"minecraft:coal":33,"minecraft:cobblestone":23,"minecraft:egg":1}},"DataVersion":3465}