{"stats":{"minecraft:used":{"minecraft:baked_potato":1,"minecraft:dirt":26,"minecraft:bow":6,"lucky:lucky_potion":15},"minecraft:mined":{"minecraft:player_wall_head":2,"minecraft:grass":3,"minecraft:grass_block":37,"minecraft:tall_grass":4,"lucky:lucky_block":5,"minecraft:white_tulip":1},"minecraft:custom":{"minecraft:time_since_rest":1585,"minecraft:sprint_one_cm":7674,"minecraft:damage_taken":1280,"minecraft:walk_one_cm":24714,"minecraft:mob_kills":3,"minecraft:drop":12,"minecraft:damage_dealt":16,"minecraft:fly_one_cm":9804,"minecraft:crouch_one_cm":6532,"minecraft:play_time":7486,"minecraft:deaths":4,"minecraft:sneak_time":1161,"minecraft:damage_dealt_resisted":4,"minecraft:jump":79,"minecraft:leave_game":4,"minecraft:time_since_death":1557,"minecraft:total_world_time":7486,"minecraft:fall_one_cm":2507,"minecraft:horse_one_cm":20},"minecraft:dropped":{"minecraft:enchanted_book":2,"minecraft:wheat_seeds":1,"minecraft:player_head":1,"minecraft:iron_helmet":1,"minecraft:gold_nugget":1,"minecraft:arrow":5,"minecraft:carrot":1},"minecraft:picked_up":{"minecraft:iron_chestplate":1,"minecraft:cooked_beef":1,"minecraft:anvil":2,"minecraft:salmon":1,"minecraft:poisonous_potato":24,"minecraft:potato":72,"minecraft:dropper":3,"minecraft:enchanted_book":14,"minecraft:cookie":20,"minecraft:carrot":1,"minecraft:dirt":35,"lucky:lucky_potion":15,"minecraft:iron_leggings":1,"minecraft:arrow":22,"minecraft:bone":1,"minecraft:sugar":7,"minecraft:orange_tulip":1,"minecraft:bow":1,"minecraft:pumpkin_pie":1,"minecraft:wheat_seeds":1,"minecraft:iron_helmet":2,"minecraft:white_tulip":4,"minecraft:cooked_chicken":1,"minecraft:golden_apple":2,"minecraft:player_head":2,"minecraft:bread":1,"minecraft:poppy":2,"minecraft:baked_potato":49,"minecraft:mutton":2}},"DataVersion":3465}