{"stats":{"minecraft:killed_by":{"minecraft:player":12,"minecraft:skeleton":3,"minecraft:creeper":1,"minecraft:witch":1,"minecraft:zombie":2},"minecraft:used":{"minecraft:water_bucket":16,"minecraft:ender_pearl":2,"lucky:lucky_sword":84,"minecraft:diamond_axe":7,"minecraft:cooked_chicken":1,"minecraft:golden_apple":5,"minecraft:dragon_egg":1,"minecraft:painting":4,"minecraft:lava_bucket":1,"minecraft:diamond_pickaxe":4,"lucky:lucky_block":1,"minecraft:fishing_rod":3,"minecraft:diamond_sword":45,"minecraft:potion":1,"minecraft:hay_block":1,"minecraft:magenta_terracotta":6,"minecraft:bucket":15,"minecraft:cooked_rabbit":1,"lucky:lucky_potion":21,"minecraft:enchanted_golden_apple":4,"minecraft:splash_potion":2,"minecraft:lime_glazed_terracotta":1},"minecraft:crafted":{"minecraft:diamond_axe":1,"minecraft:diamond":9,"minecraft:potion":1,"minecraft:splash_potion":1},"minecraft:mined":{"minecraft:fire":2,"minecraft:diamond_block":1,"lucky:lucky_block":80,"minecraft:chipped_anvil":2},"minecraft:killed":{"minecraft:pig":1,"minecraft:bat":1,"minecraft:skeleton":1,"minecraft:chicken":4,"minecraft:ghast":1,"minecraft:skeleton_horse":1},"minecraft:custom":{"minecraft:interact_with_anvil":2,"minecraft:mob_kills":16,"minecraft:traded_with_villager":3,"minecraft:eat_cake_slice":2,"minecraft:leave_game":2,"minecraft:time_since_death":1147,"minecraft:damage_resisted":812,"minecraft:climb_one_cm":328,"minecraft:time_since_rest":1185,"minecraft:sprint_one_cm":192663,"minecraft:damage_absorbed":1119,"minecraft:damage_taken":9179,"minecraft:walk_one_cm":100008,"minecraft:drop":54,"minecraft:damage_dealt":3430,"minecraft:fly_one_cm":454142,"minecraft:talked_to_villager":5,"minecraft:player_kills":11,"minecraft:open_chest":2,"minecraft:play_time":41523,"minecraft:crouch_one_cm":450,"minecraft:sneak_time":152,"minecraft:deaths":25,"minecraft:walk_under_water_one_cm":825,"minecraft:jump":1616,"minecraft:walk_on_water_one_cm":5018,"minecraft:total_world_time":41523,"minecraft:fall_one_cm":62210},"minecraft:dropped":{"minecraft:enchanted_book":5,"minecraft:iron_ingot":9,"minecraft:lever":1,"minecraft:lapis_lazuli":14,"minecraft:player_head":1,"minecraft:obsidian":14,"minecraft:iron_helmet":1,"minecraft:black_terracotta":14,"minecraft:prismarine_crystals":1,"minecraft:tropical_fish":12,"minecraft:salmon":8,"minecraft:red_terracotta":1,"minecraft:leather_helmet":1,"minecraft:cod":5,"minecraft:pufferfish":13,"minecraft:poppy":1,"minecraft:leather_chestplate":1,"minecraft:gray_wool":2,"minecraft:milk_bucket":1,"minecraft:sponge":2,"minecraft:spruce_trapdoor":5,"minecraft:dragon_egg":2,"minecraft:diamond_pickaxe":1,"minecraft:quartz_block":2,"minecraft:quartz_stairs":1,"minecraft:rabbit":15,"minecraft:leather_boots":1,"minecraft:jack_o_lantern":32,"minecraft:leather_leggings":1,"minecraft:iron_leggings":1,"minecraft:gold_nugget":1,"minecraft:pumpkin":20,"minecraft:sugar":13,"minecraft:fishing_rod":1,"lucky:lucky_sword":1,"minecraft:cooked_rabbit":4,"minecraft:bucket":2,"minecraft:splash_potion":1},"minecraft:picked_up":{"minecraft:sponge":2,"minecraft:fishing_rod":2,"minecraft:leather_chestplate":1,"minecraft:cooked_beef":1,"minecraft:splash_potion":2,"minecraft:ender_chest":6,"minecraft:salmon":8,"minecraft:water_bucket":1,"minecraft:rabbit_stew":1,"minecraft:leather_leggings":1,"minecraft:diamond_sword":1,"minecraft:cooked_rabbit":7,"minecraft:enchanted_book":9,"lucky:lucky_block":1,"minecraft:lapis_lazuli":14,"minecraft:magenta_terracotta":6,"lucky:lucky_bow":3,"lucky:lucky_potion":25,"minecraft:iron_leggings":1,"minecraft:leather_boots":1,"minecraft:zombie_head":1,"minecraft:pufferfish":13,"minecraft:bone":6,"minecraft:stone_bricks":3,"minecraft:diamond_leggings":1,"minecraft:gold_nugget":1,"lucky:lucky_sword":2,"minecraft:bucket":1,"minecraft:iron_ingot":28,"minecraft:cooked_chicken":5,"minecraft:player_head":1,"minecraft:rabbit":15,"minecraft:poppy":1,"minecraft:diamond_helmet":1,"minecraft:enchanted_golden_apple":4,"minecraft:quartz_stairs":1,"minecraft:spruce_trapdoor":5,"minecraft:lime_glazed_terracotta":1,"minecraft:stick":1,"minecraft:black_terracotta":14,"minecraft:milk_bucket":1,"minecraft:cooked_porkchop":8,"minecraft:pumpkin":20,"minecraft:lava_bucket":1,"minecraft:diamond_block":1,"minecraft:red_terracotta":1,"minecraft:prismarine_crystals":1,"minecraft:dragon_egg":3,"minecraft:leather_helmet":1,"minecraft:quartz_block":2,"minecraft:diamond_shovel":1,"minecraft:arrow":12,"minecraft:rotten_flesh":9,"minecraft:diamond_chestplate":1,"minecraft:sugar":13,"minecraft:light_blue_terracotta":29,"minecraft:diamond":76,"minecraft:tropical_fish":12,"minecraft:painting":4,"minecraft:pink_glazed_terracotta":1,"minecraft:lever":1,"minecraft:diamond_boots":1,"minecraft:iron_helmet":1,"minecraft:hay_block":1,"minecraft:golden_apple":11,"minecraft:birch_sign":2,"minecraft:gray_wool":2,"minecraft:gold_ingot":54,"minecraft:emerald":31,"minecraft:jack_o_lantern":32,"minecraft:obsidian":14,"minecraft:cod":5,"minecraft:ender_pearl":2,"minecraft:diamond_pickaxe":2}},"DataVersion":3465}