{"stats":{"minecraft:used":{"lucky:lucky_block":30,"minecraft:stone_shovel":3,"minecraft:stone_pickaxe":7,"minecraft:axolotl_spawn_egg":1,"minecraft:beacon":1,"minecraft:dragon_egg":1,"minecraft:rabbit_spawn_egg":1,"minecraft:potion":1,"minecraft:sponge":1,"lucky:lucky_potion":3,"minecraft:pillager_spawn_egg":1},"minecraft:picked_up":{"minecraft:sponge":1,"minecraft:purple_wool":1,"minecraft:splash_potion":2,"minecraft:yellow_wool":1,"minecraft:beacon":1,"minecraft:piglin_brute_spawn_egg":1,"minecraft:potion":6,"minecraft:villager_spawn_egg":1,"minecraft:dragon_egg":1,"minecraft:dirt":82,"lucky:lucky_bow":1,"minecraft:evoker_spawn_egg":1,"minecraft:stone_sword":1,"minecraft:bone":10,"minecraft:stone_shovel":1,"minecraft:diamond":2,"minecraft:stone_axe":1,"minecraft:wheat_seeds":1,"minecraft:lever":1,"minecraft:diamond_boots":1,"minecraft:hay_block":8,"minecraft:guardian_spawn_egg":1,"minecraft:iron_ingot":13,"minecraft:stone_pickaxe":1,"minecraft:bone_meal":8,"minecraft:gold_ingot":15,"minecraft:emerald":14,"minecraft:glowstone_dust":1,"minecraft:mutton":3,"minecraft:panda_spawn_egg":1,"minecraft:stone_hoe":1},"minecraft:killed":{"minecraft:sheep":3,"minecraft:witch":1,"minecraft:bat":3},"minecraft:mined":{"minecraft:grass":2,"minecraft:dirt":2,"lucky:lucky_block":25},"minecraft:custom":{"minecraft:time_since_rest":17357,"minecraft:sprint_one_cm":4759,"minecraft:damage_taken":335,"minecraft:walk_one_cm":27288,"minecraft:mob_kills":7,"minecraft:damage_dealt":1671,"minecraft:interact_with_beacon":1,"minecraft:fly_one_cm":16029,"minecraft:crouch_one_cm":201,"minecraft:play_time":17357,"minecraft:sneak_time":15,"minecraft:jump":75,"minecraft:leave_game":3,"minecraft:time_since_death":17357,"minecraft:total_world_time":17357,"minecraft:fall_one_cm":687}},"DataVersion":3465}