{"stats":{"minecraft:broken":{"minecraft:stone_pickaxe":1},"minecraft:custom":{"minecraft:time_since_rest":4703,"minecraft:interact_with_furnace":7,"minecraft:sprint_one_cm":47637,"minecraft:damage_taken":840,"minecraft:walk_one_cm":52822,"minecraft:mob_kills":7,"minecraft:damage_dealt":743,"minecraft:interact_with_crafting_table":11,"minecraft:fly_one_cm":70741,"minecraft:open_chest":6,"minecraft:crouch_one_cm":4836,"minecraft:play_time":29652,"minecraft:deaths":2,"minecraft:sneak_time":2346,"minecraft:jump":636,"minecraft:walk_on_water_one_cm":95,"minecraft:leave_game":1,"minecraft:time_since_death":9372,"minecraft:sleep_in_bed":2,"minecraft:total_world_time":29652,"minecraft:fall_one_cm":18672},"minecraft:mined":{"minecraft:white_bed":1,"minecraft:furnace":1,"minecraft:iron_ore":29,"minecraft:crafting_table":3,"minecraft:pointed_dripstone":18,"minecraft:grass":11,"minecraft:acacia_log":5,"minecraft:oak_log":6,"minecraft:grass_block":3,"minecraft:coal_ore":50,"minecraft:dripstone_block":9,"minecraft:gravel":16,"minecraft:dirt":1,"minecraft:cobblestone":2,"minecraft:stone":98,"minecraft:wall_torch":1,"minecraft:diorite":1},"minecraft:picked_up":{"minecraft:raw_iron":29,"minecraft:crafting_table":4,"minecraft:torch":7,"minecraft:acacia_log":5,"minecraft:dripstone_block":9,"minecraft:gravel":12,"minecraft:flint":4,"minecraft:oak_log":6,"minecraft:pointed_dripstone":24,"minecraft:diorite":1,"minecraft:white_bed":1,"minecraft:dirt":4,"minecraft:rotten_flesh":1,"minecraft:stone_axe":1,"minecraft:wheat_seeds":1,"minecraft:stone_pickaxe":1,"minecraft:oak_sapling":2,"minecraft:mutton":8,"minecraft:oak_planks":20,"minecraft:coal":49,"minecraft:white_wool":6,"minecraft:cobblestone":99,"minecraft:furnace":1},"minecraft:killed_by":{"minecraft:player":1,"minecraft:skeleton":1},"minecraft:used":{"minecraft:cooked_mutton":4,"minecraft:stone_pickaxe":191,"minecraft:chest":1,"minecraft:wooden_pickaxe":16,"minecraft:torch":18,"minecraft:rotten_flesh":1,"minecraft:stone_axe":17,"minecraft:cobblestone":52,"minecraft:crafting_table":4,"minecraft:furnace":2,"minecraft:white_bed":2},"minecraft:killed":{"minecraft:sheep":6,"minecraft:zombie":1},"minecraft:crafted":{"minecraft:iron_boots":1,"minecraft:iron_chestplate":1,"minecraft:shield":1,"minecraft:stick":16,"minecraft:iron_helmet":1,"minecraft:iron_leggings":1,"minecraft:iron_ingot":29,"minecraft:wooden_pickaxe":1,"minecraft:stone_pickaxe":2,"minecraft:chest":1,"minecraft:furnace":1,"minecraft:white_bed":1,"minecraft:bucket":1,"minecraft:acacia_planks":20,"minecraft:torch":24,"minecraft:stone_axe":2,"minecraft:air":0,"minecraft:cooked_mutton":4,"minecraft:flint_and_steel":1}},"DataVersion":3465}