{"stats":{"minecraft:custom":{"minecraft:time_since_rest":7987,"minecraft:interact_with_furnace":2,"minecraft:sprint_one_cm":22280,"minecraft:damage_taken":430,"minecraft:walk_one_cm":29160,"minecraft:mob_kills":4,"minecraft:damage_dealt":503,"minecraft:interact_with_crafting_table":4,"minecraft:fly_one_cm":36402,"minecraft:crouch_one_cm":4535,"minecraft:play_time":17652,"minecraft:deaths":1,"minecraft:sneak_time":2263,"minecraft:jump":281,"minecraft:leave_game":1,"minecraft:time_since_death":14619,"minecraft:sleep_in_bed":1,"minecraft:total_world_time":17652,"minecraft:fall_one_cm":13430},"minecraft:mined":{"minecraft:white_bed":1,"minecraft:furnace":1,"minecraft:iron_ore":8,"minecraft:crafting_table":2,"minecraft:pointed_dripstone":10,"minecraft:grass":11,"minecraft:acacia_log":5,"minecraft:oak_log":6,"minecraft:grass_block":3,"minecraft:coal_ore":27,"minecraft:dripstone_block":9,"minecraft:gravel":16,"minecraft:dirt":1,"minecraft:cobblestone":2,"minecraft:stone":90},"minecraft:picked_up":{"minecraft:raw_iron":6,"minecraft:crafting_table":3,"minecraft:acacia_log":5,"minecraft:dripstone_block":9,"minecraft:gravel":12,"minecraft:flint":4,"minecraft:oak_log":6,"minecraft:pointed_dripstone":15,"minecraft:white_bed":1,"minecraft:dirt":4,"minecraft:rotten_flesh":1,"minecraft:wheat_seeds":1,"minecraft:oak_sapling":2,"minecraft:mutton":4,"minecraft:oak_planks":20,"minecraft:coal":26,"minecraft:white_wool":3,"minecraft:cobblestone":91,"minecraft:furnace":1},"minecraft:killed_by":{"minecraft:player":1},"minecraft:used":{"minecraft:cooked_mutton":2,"minecraft:stone_pickaxe":130,"minecraft:wooden_pickaxe":16,"minecraft:torch":8,"minecraft:rotten_flesh":1,"minecraft:stone_axe":13,"minecraft:cobblestone":46,"minecraft:crafting_table":2,"minecraft:furnace":1,"minecraft:white_bed":1},"minecraft:killed":{"minecraft:sheep":3,"minecraft:zombie":1},"minecraft:crafted":{"minecraft:stick":12,"minecraft:wooden_pickaxe":1,"minecraft:stone_pickaxe":1,"minecraft:furnace":1,"minecraft:white_bed":1,"minecraft:acacia_planks":20,"minecraft:torch":24,"minecraft:stone_axe":1,"minecraft:air":0,"minecraft:cooked_mutton":4}},"DataVersion":3465}